"kind","name","file","line","extends","implements","members"
"interface","BuildAlertLayerInstructionInput","packages/core/src/alerts/alert-layer-instruction.ts","14","","","base; layer; layout; renderedText; tts; visualMediaType; audio"
"interface","AlertMatch","packages/core/src/alerts/alert-matcher.ts","5","","","event; rule"
"interface","FindAlertMatchesInput","packages/core/src/alerts/alert-matcher.ts","10","","","event; rules"
"interface","AlertMatcher","packages/core/src/alerts/alert-matcher.ts","15","","","findMatches"
"interface","AlertMatcherDependencies","packages/core/src/alerts/alert-matcher.ts","19","","","conditionEvaluator"
"class","DefaultAlertMatcher","packages/core/src/alerts/alert-matcher.ts","23","","AlertMatcher","#conditionEvaluator; findMatches"
"interface","AlertResolverTarget","packages/core/src/alerts/alert-resolver.ts","55","","","overlayId; purpose; scope; moduleId; targetProfileId"
"interface","ResolveAlertMatchesInput","packages/core/src/alerts/alert-resolver.ts","63","","","matches; target; visualAssetMediaTypes; editorDocuments; selectedVariants; assetDurations"
"interface","AlertResolver","packages/core/src/alerts/alert-resolver.ts","72","","","selectVariants; resolveMatches"
"interface","AlertResolverDependencies","packages/core/src/alerts/alert-resolver.ts","77","","","generateId; random; templateRenderer; renderedTextTemplateRenderer; ttsTemplateRenderer; moderationService; conditionEvaluator"
"interface","AlertTemplateSampleContextSource","packages/core/src/alerts/alert-resolver.ts","87","","","eventType; samplePayload"
"class","AlertVariantSelectionError","packages/core/src/alerts/alert-resolver.ts","92","Error","",""
"class","DefaultAlertResolver","packages/core/src/alerts/alert-resolver.ts","99","","AlertResolver","#generateId; #random; #renderedTextTemplateRenderer; #ttsTemplateRenderer; #conditionEvaluator; resolveMatches; selectVariants; #resolveEditorDocument; #resolveMatch; #selectVariant; #createOverlayInstruction; #createTtsInstruction"
"interface","CreateAlertCollectionInput","packages/core/src/alerts/alert-service.ts","33","","","name; enabled"
"interface","CreateAlertRuleInput","packages/core/src/alerts/alert-service.ts","41","Omit<AlertRule, ""id"" | ""variants"">","","variants"
"interface","ListActiveAlertRulesInput","packages/core/src/alerts/alert-service.ts","48","","","eventType"
"interface","AlertService","packages/core/src/alerts/alert-service.ts","52","","","listCollections; createCollection; updateCollection; setCollectionEnabled; deleteCollection; listRules; createRule; updateRule; setRuleEnabled; deleteRule; createVariant; saveVariant; deleteVariant; getActivationState; listActiveRules"
"interface","AlertServiceDependencies","packages/core/src/alerts/alert-service.ts","70","","","repository; generateId"
"class","AlertCollectionNotFoundError","packages/core/src/alerts/alert-service.ts","75","Error","",""
"class","LastActiveAlertCollectionError","packages/core/src/alerts/alert-service.ts","82","Error","",""
"class","AlertRuleNotFoundError","packages/core/src/alerts/alert-service.ts","89","Error","",""
"class","AlertVariantNotFoundError","packages/core/src/alerts/alert-service.ts","96","Error","",""
"class","LastAlertVariantError","packages/core/src/alerts/alert-service.ts","106","Error","",""
"class","AlertVariantIdConflictError","packages/core/src/alerts/alert-service.ts","113","Error","",""
"class","DefaultAlertService","packages/core/src/alerts/alert-service.ts","127","","AlertService","#repository; #generateId; listCollections; createCollection; updateCollection; setCollectionEnabled; deleteCollection; listRules; createRule; updateRule; setRuleEnabled; deleteRule; createVariant; saveVariant; deleteVariant; getActivationState; listActiveRules; #requireCollection; #requireCollections; #requireAnotherActiveCollection; #requireRule; #requireVariantIdsAvailable"
"interface","AlertConditionEvaluator","packages/core/src/alerts/condition-evaluator.ts","5","","","evaluate"
"class","DefaultAlertConditionEvaluator","packages/core/src/alerts/condition-evaluator.ts","9","","AlertConditionEvaluator","evaluate"
"interface","AlertRepository","packages/core/src/alerts/repository.ts","4","","","saveCollection; findCollectionById; listCollections; deleteCollection; saveRule; findRuleById; listRules; listActiveRules; deleteRule"
"interface","AlertCollection","packages/core/src/alerts/types.ts","4","","","id; name; enabled"
"interface","AlertTtsConfig","packages/core/src/alerts/types.ts","24","","","enabled; providerId; voiceId; template; minimumAmount"
"interface","AlertVariant","packages/core/src/alerts/types.ts","32","","","id; name; enabled; weight; conditions; priority; visualAssetId; audioAssetId; textTemplate; ttsConfig; durationMs; layout"
"interface","AlertRule","packages/core/src/alerts/types.ts","47","","","id; name; eventType; enabled; collectionIds; conditions; variants; cooldownSeconds; priority"
"interface","AlertActivationState","packages/core/src/alerts/types.ts","59","","","enabledCollectionIds; disabledRuleIds"
"interface","AlertConditionOption","packages/core/src/alerts/variation-authoring.ts","16","","","label; value"
"interface","AlertConditionFieldDefinition","packages/core/src/alerts/variation-authoring.ts","21","","","field; label; valueKind; operators; minimum; options"
"interface","AlertConditionValidationIssue","packages/core/src/alerts/variation-authoring.ts","30","","","conditionIndex; code; message"
"interface","AlertVariationSelectionCandidate","packages/core/src/alerts/variation-authoring.ts","42","","","id; enabled; conditions; weight; priority"
"interface","AlertPriorityGroup","packages/core/src/alerts/variation-authoring.ts","50","","","variationIds"
"interface","AlertVariationPriorityAssignment","packages/core/src/alerts/variation-authoring.ts","54","","","variationId; priority"
"interface","AlertVariationSampleEvaluationCandidate","packages/core/src/alerts/variation-authoring.ts","59","","","id; enabled; conditionsMatch; inHighestEligibleGroup; relativeChance"
"interface","AlertVariationSampleEvaluation","packages/core/src/alerts/variation-authoring.ts","71","","","ruleMatches; failedRuleConditionIndexes; outcome; highestEligiblePriority; legacyDefaultTie; candidates"
"interface","AlertVariationSelectionProjection","packages/core/src/alerts/variation-authoring.ts","84","","","matching; highestPriority; topPriority; totalWeight"
"interface","AssetValidationInput","packages/core/src/assets/asset-validator.ts","3","","","originalFileName; mimeType; sizeBytes; bytes"
"interface","AssetValidationRule","packages/core/src/assets/asset-validator.ts","10","","","mediaType; mimeType; extensions; maxSizeBytes; maxSizeLabel; matchesSignature"
"interface","AssetValidationPolicy","packages/core/src/assets/asset-validator.ts","19","","","font; image; gif; video; audio"
"interface","AssetValidator","packages/core/src/assets/asset-validator.ts","39","","","validate"
"class","DefaultAssetValidator","packages/core/src/assets/asset-validator.ts","141","","AssetValidator","#rulesByMimeType; validate"
"interface","MediaImportInput","packages/core/src/assets/media-import-pipeline.ts","6","","","assetId; originalFileName; mimeType; bytes"
"interface","MediaMetadataProbeInput","packages/core/src/assets/media-import-pipeline.ts","13","","","mediaType; mimeType; sizeBytes; bytes"
"interface","MediaMetadataProbe","packages/core/src/assets/media-import-pipeline.ts","20","","","inspect"
"interface","AssetStorageWrite","packages/core/src/assets/media-import-pipeline.ts","24","","","assetId; originalFileName; mediaType; normalizedExtension; storageVersion; bytes"
"interface","MediaAssetStore","packages/core/src/assets/media-import-pipeline.ts","33","","","write"
"interface","MediaImportPipeline","packages/core/src/assets/media-import-pipeline.ts","37","","","importMedia"
"interface","DefaultMediaImportPipelineOptions","packages/core/src/assets/media-import-pipeline.ts","41","","","validator; repository; store; probe; generateId; calculateChecksum"
"class","InvalidMediaImportError","packages/core/src/assets/media-import-pipeline.ts","50","Error","","reason"
"class","DefaultMediaImportPipeline","packages/core/src/assets/media-import-pipeline.ts","60","","MediaImportPipeline","#validator; #repository; #store; #probe; #generateId; #calculateChecksum; importMedia"
"interface","AssetRepository","packages/core/src/assets/repository.ts","3","","","save; findById; findManyByIds; list; delete"
"interface","AssetRecord","packages/core/src/assets/types.ts","3","","","id; originalFileName; mediaType; mimeType; sizeBytes; checksum; storagePath; durationMs"
"interface","AssetValidationResult","packages/core/src/assets/types.ts","14","","","accepted; reason; mediaType; normalizedExtension"
"interface","AudioEnvelope","packages/core/src/audio/audio-envelope.ts","1","","","fadeInMs; fadeOutMs"
"interface","ResolvedAudioEnvelope","packages/core/src/audio/audio-envelope.ts","6","AudioEnvelope","","playbackDurationMs"
"interface","AudioOutputRouteRepository","packages/core/src/audio/audio-output-route-repository.ts","4","","","list; findById; findReferences; findModuleReferences; save; delete"
"interface","MediaAudioCandidate","packages/core/src/audio/media-audio.ts","6","","","layerId; assetId; volume; enabled; sourceKind; fadeInMs; fadeOutMs; playbackDurationMs"
"class","TimedMediaPreparationError","packages/core/src/audio/prepare-timed-media.ts","4","Error","","stage"
"interface","TimedMediaElement","packages/core/src/audio/prepare-timed-media.ts","14","","","readyState; seeking; duration; loop; currentTime; addEventListener; removeEventListener"
"interface","DesktopAudioTransport","packages/core/src/audio/transport.ts","52","AudioDeviceHost","","prepare; play; stop; setMuted; setModuleMutes; retry; close"
"interface","AlertAudioOutputs","packages/core/src/audio/types.ts","6","","","browserSource; deviceRouteIds"
"interface","AudioOutputDevice","packages/core/src/audio/types.ts","11","","","deviceId; label"
"interface","AudioOutputRoute","packages/core/src/audio/types.ts","16","","","id; name; deviceId; deviceLabel; autoFollowDeviceName"
"interface","AudioRouteReference","packages/core/src/audio/types.ts","24","","","alertId; name"
"interface","ModuleMediaReference","packages/core/src/audio/types.ts","29","","","moduleId; ownerId; ownerName; variantId; usageRole"
"interface","AudioDestination","packages/core/src/audio/types.ts","37","","","deviceId; routeIds"
"interface","AudioDeviceHost","packages/core/src/audio/types.ts","43","","","listOutputDevices; testOutput; retry"
"interface","ResolvedAudioLayer","packages/core/src/audio/types.ts","54","","","sourceKind; layerId; assetId; volume; fadeInMs; fadeOutMs; playbackDurationMs"
"interface","ResolvedAlertAudio","packages/core/src/audio/types.ts","64","","","documentId; durationMs; outputs; layers"
"interface","DeviceAudioBatch","packages/core/src/audio/types.ts","71","","","moduleId; timing; playbackId; documentId; durationMs; muted; layers; destinations"
"interface","DeviceAudioOutputDiagnostics","packages/core/src/audio/types.ts","83","","","routeIds; layerId; assetId; diagnostics"
"interface","DeviceAudioResult","packages/core/src/audio/types.ts","90","","","outputDiagnostics; diagnostics; failedRouteIds; failures"
"interface","DeviceAudioFailure","packages/core/src/audio/types.ts","97","","","routeIds; layerId; assetId; stage; exception"
"interface","AudioPlaybackSink","packages/core/src/audio/types.ts","105","","","prepare; play; stop; setMuted; setModuleMutes; close"
"interface","ManagementSessionRepository","packages/core/src/auth/management-session-service.ts","15","","","save; findById; update"
"interface","ManagementSessionService","packages/core/src/auth/management-session-service.ts","21","","","createSession; verifySession; revokeSession"
"interface","ConfigStore","packages/core/src/config/config-store.ts","3","","","readConfig; updateConfig"
"interface","AppServerConfig","packages/core/src/config/types.ts","4","","","host; port"
"interface","AppStorageConfig","packages/core/src/config/types.ts","9","","","dataDirectory; assetDirectory"
"interface","AppConfig","packages/core/src/config/types.ts","14","","","desktop; server; storage; logging; playback"
"interface","AppServerConfigUpdate","packages/core/src/config/types.ts","22","","","host; port"
"interface","AppStorageConfigUpdate","packages/core/src/config/types.ts","27","","","dataDirectory; assetDirectory"
"interface","AppConfigUpdate","packages/core/src/config/types.ts","32","","","desktop; server; storage; logging; playback"
"interface","DesktopConfig","packages/core/src/config/types.ts","40","","","closeToTray"
"interface","Logger","packages/core/src/diagnostics/logging.ts","37","","","debug; info; warn; error"
"interface","EventLogRecord","packages/core/src/diagnostics/repository.ts","7","","","id; event; receivedAt; status; correlationId; processingId; errorMessage"
"interface","AlertMatchLogRecord","packages/core/src/diagnostics/repository.ts","17","","","id; sourceEventId; ruleId; variantId; matchedAt; correlationId; processingId"
"interface","PlaybackLogRecord","packages/core/src/diagnostics/repository.ts","27","","","id; queueItemId; sourceEventId; alertIds; status; occurredAt; correlationId; processingId; message"
"interface","DiagnosticsLogListOptions","packages/core/src/diagnostics/repository.ts","39","","","limit"
"interface","DiagnosticsPruneCounts","packages/core/src/diagnostics/repository.ts","43","","","eventLogs; alertMatchLogs; playbackLogs"
"interface","DiagnosticsLogRepository","packages/core/src/diagnostics/repository.ts","49","","","appendEventLog; listEventLogs; appendAlertMatchLog; listAlertMatchLogs; appendPlaybackLog; listPlaybackLogs; pruneBefore"
"interface","SerializedException","packages/core/src/diagnostics/serialized-exception.ts","3","","","type; message; stack; code; cause; secondary; thrownValue"
"interface","ExceptionSerializationLimits","packages/core/src/diagnostics/serialized-exception.ts","13","","","causeDepth; secondaryErrors; messageCharacters; stackCharacters; thrownValueCharacters; totalUtf8Bytes"
"interface","StreamEventActor","packages/core/src/events/types.ts","18","","","id; displayName"
"interface","BaseNormalizedStreamEvent","packages/core/src/events/types.ts","23","","","id; providerId; sourcePlatform; ingestProvider; occurredAt; actor; message; metadata"
"interface","FollowEvent","packages/core/src/events/types.ts","34","BaseNormalizedStreamEvent","","type; amount"
"interface","SubscriptionEvent","packages/core/src/events/types.ts","39","BaseNormalizedStreamEvent","","type; amount; tier"
"interface","ResubscriptionEvent","packages/core/src/events/types.ts","45","BaseNormalizedStreamEvent","","type; amount; tier; streakMonths"
"interface","CheerEvent","packages/core/src/events/types.ts","52","BaseNormalizedStreamEvent","","type; amount"
"interface","RaidEvent","packages/core/src/events/types.ts","57","BaseNormalizedStreamEvent","","type; amount"
"interface","ChannelPointRedemptionEvent","packages/core/src/events/types.ts","62","BaseNormalizedStreamEvent","","type; amount; rewardId; rewardTitle; userInput"
"interface","GiftSubscriptionEvent","packages/core/src/events/types.ts","70","BaseNormalizedStreamEvent","","type; amount; tier; recipient; gifter"
"interface","CommunityGiftEvent","packages/core/src/events/types.ts","78","BaseNormalizedStreamEvent","","type; amount; tier; cumulativeTotal; anonymous"
"interface","HypeTrainFields","packages/core/src/events/types.ts","86","","","amount; trainId; level; progress; goal; total; startedAt; expiresAt; endedAt; cooldownEndsAt"
"interface","HypeTrainStartEvent","packages/core/src/events/types.ts","99","BaseNormalizedStreamEvent; HypeTrainFields","","type"
"interface","HypeTrainProgressEvent","packages/core/src/events/types.ts","103","BaseNormalizedStreamEvent; HypeTrainFields","","type"
"interface","HypeTrainEndEvent","packages/core/src/events/types.ts","107","BaseNormalizedStreamEvent; HypeTrainFields","","type"
"interface","PollChoice","packages/core/src/events/types.ts","111","","","id; title; totalVotes"
"interface","PollFields","packages/core/src/events/types.ts","117","","","amount; pollId; title; choices; totalVotes; startedAt; endsAt; status"
"interface","PollStartEvent","packages/core/src/events/types.ts","128","BaseNormalizedStreamEvent; PollFields","","type"
"interface","PollProgressEvent","packages/core/src/events/types.ts","132","BaseNormalizedStreamEvent; PollFields","","type"
"interface","PollEndEvent","packages/core/src/events/types.ts","136","BaseNormalizedStreamEvent; PollFields","","type"
"interface","PredictionOutcome","packages/core/src/events/types.ts","140","","","id; title; totalUsers; totalPoints"
"interface","PredictionFields","packages/core/src/events/types.ts","147","","","amount; predictionId; title; outcomes; totalUsers; totalPoints; startedAt; locksAt; endedAt; status; winningOutcomeId"
"interface","PredictionStartEvent","packages/core/src/events/types.ts","161","BaseNormalizedStreamEvent; PredictionFields","","type"
"interface","PredictionProgressEvent","packages/core/src/events/types.ts","165","BaseNormalizedStreamEvent; PredictionFields","","type"
"interface","PredictionLockEvent","packages/core/src/events/types.ts","169","BaseNormalizedStreamEvent; PredictionFields","","type"
"interface","PredictionEndEvent","packages/core/src/events/types.ts","173","BaseNormalizedStreamEvent; PredictionFields","","type"
"interface","StreamFields","packages/core/src/events/types.ts","177","","","amount; streamId; streamType; startedAt; endedAt"
"interface","StreamOnlineEvent","packages/core/src/events/types.ts","185","BaseNormalizedStreamEvent; StreamFields","","type"
"interface","StreamOfflineEvent","packages/core/src/events/types.ts","189","BaseNormalizedStreamEvent; StreamFields","","type"
"interface","ExternalStreamEvent","packages/core/src/events/types.ts","215","","","id; ingestProvider; subscriptionSourceKey; upstreamSource; upstreamType; occurredAt; receivedAt; payload; metadata"
"interface","StreamerBotSubscriptionSelection","packages/core/src/events/types.ts","227","","","sourceKey; eventTypes"
"interface","AlertConfigurationAssessment","packages/core/src/management/alert-configuration-assessment.ts","6","","","hasBrowserContent; hasDeviceAudio; issue; profileId"
"interface","AlertStarterThemeMaterializeInput","packages/core/src/management/alert-starter-themes.ts","38","","","documentId; eventType; themeId; messageTemplate; targetProfileEnabled"
"interface","AlertStarterThemeComposition","packages/core/src/management/alert-starter-themes.ts","46","","","layers; targetProfiles"
"interface","PercentRectangle","packages/core/src/management/alert-starter-themes.ts","51","","","x; y; width; height"
"interface","ThemeBlueprint","packages/core/src/management/alert-starter-themes.ts","58","","","entrance; panelFill; panel; decorationsBehindPanel; decorations; eyebrowStyle; messageStyle"
"interface","AlertStarterThemeSummary","packages/core/src/management/contracts.ts","1194","","","id; label; description"
"interface","AlertSetActivationDecision","packages/core/src/management/contracts.ts","1248","","","allowed; requiresConfirmation; blockerIds; warningIds"
"interface","ModerationTargetSettings","packages/core/src/moderation/moderation-service.ts","6","","","maxLength; blockedTerms; stripUrls"
"interface","ModerationSettings","packages/core/src/moderation/moderation-service.ts","12","","","renderedText; ttsText"
"interface","ModerationTargetSettingsUpdate","packages/core/src/moderation/moderation-service.ts","17","","","maxLength; blockedTerms; stripUrls"
"interface","ModerationSettingsUpdate","packages/core/src/moderation/moderation-service.ts","23","","","renderedText; ttsText"
"interface","ModerationInput","packages/core/src/moderation/moderation-service.ts","42","","","target; text"
"interface","ModerationResult","packages/core/src/moderation/moderation-service.ts","47","","","text; actions"
"interface","ModerationPreviewInput","packages/core/src/moderation/moderation-service.ts","52","","","target; text; settings"
"interface","ModerationPreviewResult","packages/core/src/moderation/moderation-service.ts","58","ModerationResult","","target; settings"
"interface","ModerationService","packages/core/src/moderation/moderation-service.ts","63","","","getSettings; updateSettings; reloadSettings; moderate; preview"
"class","InvalidModerationSettingsError","packages/core/src/moderation/moderation-service.ts","71","Error","","code"
"class","DefaultModerationService","packages/core/src/moderation/moderation-service.ts","80","","ModerationService","#settings; #repository; getSettings; updateSettings; reloadSettings; moderate; preview; #readOrRepairSettings; #replaceSettings"
"interface","ModerationSettingsRepository","packages/core/src/moderation/repository.ts","3","","","read; replace"
"interface","MusicAssetReference","packages/core/src/music/asset-references.ts","4","ModuleMediaReference","","assetId; moduleId; ownerId; variantId; usageRole"
"interface","MusicComponentBounds","packages/core/src/music/component-layout.ts","5","","","width; height"
"class","PolicyError","packages/core/src/music/style-policy.ts","40","NamedError","",""
"interface","MusicSourceAdapter","packages/core/src/music/types.ts","31","","","testConnection; start; getSnapshot; stop"
"interface","MusicAssetResolver","packages/core/src/music/types.ts","39","","","resolveAsset; resolveArtwork"
"interface","SaveOverlayModuleConfigInput","packages/core/src/overlay-modules/module-config-service.ts","5","","","moduleId; enabled; config"
"interface","OverlayModuleConfigRepository","packages/core/src/overlay-modules/module-config-service.ts","11","","","getModuleConfig; saveModuleConfig"
"interface","OverlayModuleConfigService","packages/core/src/overlay-modules/module-config-service.ts","16","","","getModuleConfig; saveModuleConfig; setModuleEnabled"
"class","UnknownOverlayModuleError","packages/core/src/overlay-modules/module-config-service.ts","22","Error","",""
"class","InvalidOverlayModuleConfigError","packages/core/src/overlay-modules/module-config-service.ts","29","Error","",""
"interface","OverlayModuleConfigServiceDependencies","packages/core/src/overlay-modules/module-config-service.ts","36","","","registry; repository; clock"
"class","DefaultOverlayModuleConfigService","packages/core/src/overlay-modules/module-config-service.ts","42","","OverlayModuleConfigService","#registry; #repository; #clock; getModuleConfig; saveModuleConfig; setModuleEnabled; #getModuleDefinition; #parseConfig"
"class","InMemoryOverlayModuleConfigRepository","packages/core/src/overlay-modules/module-config-service.ts","113","","OverlayModuleConfigRepository","#configsByModuleId; getModuleConfig; saveModuleConfig"
"interface","AlertsOverlayModuleConfig","packages/core/src/overlay-modules/module-definition.ts","4","","","canvas"
"interface","OverlayModuleRegistry","packages/core/src/overlay-modules/module-registry.ts","8","","","listModules; getModule"
"class","StaticOverlayModuleRegistry","packages/core/src/overlay-modules/module-registry.ts","13","","OverlayModuleRegistry","#modules; #modulesById; listModules; getModule"
"interface","OverlayModuleSnapshotRequest","packages/core/src/overlay-modules/overlay-composition-service.ts","12","","","moduleId; overlayId; purpose; scope; targetProfileId"
"interface","OverlayModuleRuntime","packages/core/src/overlay-modules/overlay-composition-service.ts","20","","","getModuleSnapshot"
"interface","OverlayCompositionService","packages/core/src/overlay-modules/overlay-composition-service.ts","24","","","resolveModuleOutput; resolveUnifiedOutput"
"class","InvalidOverlayModuleSnapshotError","packages/core/src/overlay-modules/overlay-composition-service.ts","29","Error","",""
"interface","OverlayCompositionServiceDependencies","packages/core/src/overlay-modules/overlay-composition-service.ts","39","","","configService; runtime; surfaceRepository"
"class","DefaultOverlayCompositionService","packages/core/src/overlay-modules/overlay-composition-service.ts","45","","OverlayCompositionService","#configService; #runtime; #surfaceRepository; resolveModuleOutput; resolveUnifiedOutput; #resolveEnabledSnapshot"
"interface","SurfaceRepository","packages/core/src/overlay-modules/surface-configuration.ts","87","","","list; save"
"interface","OverlayModuleWizardField","packages/core/src/overlay-modules/types.ts","5","","","id; label; type; required"
"interface","OverlayModuleWizardStep","packages/core/src/overlay-modules/types.ts","12","","","id; title; fields"
"interface","OverlayModuleWizardDefinition","packages/core/src/overlay-modules/types.ts","18","","","steps"
"interface","OverlayModuleRendererDefinition","packages/core/src/overlay-modules/types.ts","22","","","entryPoint; supportedOutputs"
"interface","OverlayModuleDefinition","packages/core/src/overlay-modules/types.ts","27","","","id; displayName; version; defaultEnabled; configSchemaVersion; defaultConfig; configSchema; wizard; renderer"
"interface","OverlayModuleConfig","packages/core/src/overlay-modules/types.ts","39","","","moduleId; enabled; config; updatedAt"
"interface","OverlayModuleSnapshot","packages/core/src/overlay-modules/types.ts","46","","","surfaceLayer; moduleId; enabled; instructions; presentation"
"interface","DesktopModuleSync","packages/core/src/overlays/desktop-visual-transport.ts","132","","","moduleId; revision; presentation; assets; artwork"
"interface","DesktopVisualRendererRequest","packages/core/src/overlays/desktop-visual-transport.ts","177","","","protocolVersion; generation; requestId; command"
"interface","DesktopOverlayTransport","packages/core/src/overlays/desktop-visual-transport.ts","185","","","getStatus; configure; syncModule; prepare; start; stop; retry; close"
"interface","OverlayRouteAccessRequest","packages/core/src/overlays/overlay-access-service.ts","13","CreateOverlayKeyInput","","rawKey"
"interface","OverlayAccessKeyCreateRecordInput","packages/core/src/overlays/overlay-access-service.ts","17","CreateOverlayKeyInput","","id; keyHash; routeKeySecretRef; createdAt"
"interface","CreatedOverlayAccessKey","packages/core/src/overlays/overlay-access-service.ts","24","","","rawKey; record"
"interface","OverlayAccessKeyRepository","packages/core/src/overlays/overlay-access-service.ts","39","","","create; findById; findByHash; hasOutput; findByOutput; update"
"interface","OverlayAccessService","packages/core/src/overlays/overlay-access-service.ts","48","","","createKey; verifyRouteAccess; revokeKey"
"interface","OverlayPlaybackFailure","packages/core/src/overlays/playback-failure.ts","16","","","diagnostics; referenceId; stage; message; exception"
"interface","ModuleOutputRequest","packages/core/src/overlays/types.ts","17","","","moduleId; overlayId; purpose; targetProfileId"
"interface","UnifiedOutputRequest","packages/core/src/overlays/types.ts","24","","","overlayId; purpose; enabledModuleIds"
"interface","OverlayOutputDescriptor","packages/core/src/overlays/types.ts","30","","","overlayId; scope; targetProfileId; moduleId; purpose"
"interface","OverlayOutputView","packages/core/src/overlays/types.ts","38","OverlayOutputDescriptor","","id; label; enabled; keyId; url; copyableUrlStatus"
"interface","OverlayOutputKeyResult","packages/core/src/overlays/types.ts","49","","","output; keyId; url"
"interface","OverlayRouteKeySecret","packages/core/src/overlays/types.ts","55","","","ref"
"interface","OverlayClientView","packages/core/src/overlays/types.ts","59","OverlayOutputDescriptor","","id; connectionState; connectedAt; disconnectedAt; lastSeenAt; userAgent"
"interface","OverlayComposition","packages/core/src/overlays/types.ts","68","","","overlayId; purpose; scope; targetProfileId; modules"
"interface","OverlayVisualInstruction","packages/core/src/overlays/types.ts","108","","","assetId; mediaType; layout; loop"
"interface","OverlayAudioInstruction","packages/core/src/overlays/types.ts","115","","","assetId; volume; sourceKind; fadeInMs; fadeOutMs; playbackDurationMs"
"interface","OverlayTextInstruction","packages/core/src/overlays/types.ts","125","","","text; layout; textStyle; boxStyle"
"interface","OverlayShapeInstruction","packages/core/src/overlays/types.ts","132","","","fill; layout"
"interface","OverlayPresetAnimationInstruction","packages/core/src/overlays/types.ts","137","","","mode; entrance; exit; durationMs; delayMs; easing"
"interface","OverlayInstruction","packages/core/src/overlays/types.ts","146","","","assetVersions; timing; id; overlayId; moduleId; operatorTest; purpose; scope; targetProfileId; visual; audio; text; shape; animation; tts; durationMs"
"class","VisualRecipientLedger","packages/core/src/overlays/visual-recipient-ledger.ts","4","","","#pending; add; settle; pending"
"interface","PlaybackCooldownSubject","packages/core/src/playback/cooldown-service.ts","3","","","ruleId; eventType; cooldownSeconds"
"interface","PlaybackCooldownService","packages/core/src/playback/cooldown-service.ts","9","","","canPlay; filterReady; recordPlayback"
"interface","PlaybackCooldownKeyService","packages/core/src/playback/cooldown-service.ts","15","","","canPlayKey; recordPlaybackKey"
"interface","PlaybackCooldownServiceDependencies","packages/core/src/playback/cooldown-service.ts","20","","","clock"
"class","DefaultPlaybackCooldownService","packages/core/src/playback/cooldown-service.ts","24","","PlaybackCooldownService; PlaybackCooldownKeyService","#clock; #cooldownUntil; canPlay; canPlayKey; filterReady; recordPlayback; recordPlaybackKey; #purgeExpired; #isReady; #record; #now"
"interface","PlaybackDedupeService","packages/core/src/playback/dedupe-service.ts","3","","","accept"
"interface","PlaybackDedupeKeyService","packages/core/src/playback/dedupe-service.ts","7","","","acceptKey"
"interface","PlaybackDedupeServiceDependencies","packages/core/src/playback/dedupe-service.ts","11","","","clock; windowMs; maxEntries"
"class","DefaultPlaybackDedupeService","packages/core/src/playback/dedupe-service.ts","17","","PlaybackDedupeService; PlaybackDedupeKeyService","#clock; #windowMs; #maxEntries; #acceptedUntil; accept; acceptKey; #purgeExpired"
"interface","MediaDurationCandidate","packages/core/src/playback/media-duration.ts","6","","","assetId; label; mediaType; durationMs; eligible"
"interface","MediaDurationResolution","packages/core/src/playback/media-duration.ts","14","","","durationMs; contributingAssetIds; warning"
"interface","QueueOwner","packages/core/src/playback/operations.ts","50","","","moduleId; snapshot; skip; remove; replay; clearPending; setPaused"
"interface","EnqueuePlaybackItemInput","packages/core/src/playback/playback-queue.ts","5","","","sourceEvent; alerts; audio; priority"
"interface","PlaybackQueue","packages/core/src/playback/playback-queue.ts","12","","","getSnapshot; enqueue; completeCurrent; skipCurrent; replayRecent; remove; clearPending; isModulePaused; setModulePaused; setSafetyState; pause; resume; mute; unmute; setDoNotDisturb"
"interface","PlaybackQueueDependencies","packages/core/src/playback/playback-queue.ts","30","","","onRelease; clock; generateId; recentLimit; initialSafetyState; initialModulePaused"
"class","PlaybackQueueItemNotFoundError","packages/core/src/playback/playback-queue.ts","39","Error","","code"
"class","DefaultPlaybackQueue","packages/core/src/playback/playback-queue.ts","56","","PlaybackQueue","#clock; #generateId; #recentLimit; #onRelease; #current; #queued; #recent; #paused; #muted; #doNotDisturb; #modulePaused; #nextSequence; getSnapshot; enqueue; completeCurrent; skipCurrent; replayRecent; remove; clearPending; isModulePaused; setModulePaused; setSafetyState; pause; resume; mute; unmute; setDoNotDisturb; #finishCurrent; #maybeStartNext; #sortQueued; #snapshot; #now"
"interface","ResolvedAlert","packages/core/src/playback/types.ts","5","","","desktopVisualEligible; id; sourceEventId; ruleId; variantId; overlayInstruction"
"interface","PlaybackQueueItem","packages/core/src/playback/types.ts","15","","","id; sourceEvent; alerts; audio; priority; sequence; status; enqueuedAt; startedAt; completedAt"
"interface","PlaybackSafetyState","packages/core/src/playback/types.ts","32","","","moduleMutes; paused; muted; doNotDisturb"
"interface","PlaybackQueueSnapshot","packages/core/src/playback/types.ts","45","PlaybackSafetyState","","current; queued; recent"
"interface","ScreenEffectAuthoringState","packages/core/src/screen-effects/authoring.ts","4","","","document; savedDocument; past; future; historyLimit"
"interface","ScreenEffectCopyIdentity","packages/core/src/screen-effects/authoring.ts","12","","","id; name; variantIds; bindingIds"
"interface","ScreenEffectVariantCopyIdentity","packages/core/src/screen-effects/authoring.ts","19","","","id; name"
"interface","EffectOccurrence","packages/core/src/screen-effects/effect-queue.ts","7","","","id; moduleId; trigger; content; enqueuedAtMs; sequence; startedAtMs; completedAtMs; status"
"interface","EffectQueueSnapshot","packages/core/src/screen-effects/effect-queue.ts","19","","","current; queued; recent; modulePaused"
"interface","EffectQueue","packages/core/src/screen-effects/effect-queue.ts","26","","","hasPendingCapacity; enqueue; snapshot; advance; complete; remove; clearPending; setModulePaused"
"interface","EffectQueueOptions","packages/core/src/screen-effects/effect-queue.ts","37","","","onRelease; maxPending; recentLimit; modulePaused; now"
"class","DefaultEffectQueue","packages/core/src/screen-effects/effect-queue.ts","53","","EffectQueue","#maxPending; #recentLimit; #now; #onRelease; #current; #queued; #recent; #modulePaused; hasPendingCapacity; enqueue; snapshot; advance; complete; remove; clearPending; setModulePaused"
"interface","ScreenEffectsOverlayModuleConfig","packages/core/src/screen-effects/module-definition.ts","4","","","canvas"
"interface","ScreenEffectRepository","packages/core/src/screen-effects/repository.ts","3","","","list; find; save; remove"
"interface","ScreenEffectSetRepository","packages/core/src/screen-effects/sets.ts","17","","","list; create; rename; activate; remove; createEffect"
"class","ScreenEffectSetError","packages/core/src/screen-effects/sets.ts","26","Error","",""
"interface","EffectSound","packages/core/src/screen-effects/types.ts","35","","","assetId; volume; fadeInMs; fadeOutMs"
"interface","EffectVisualOutputs","packages/core/src/screen-effects/types.ts","42","","","browserSource; desktop"
"interface","EffectVariant","packages/core/src/screen-effects/types.ts","47","","","id; name; enabled; weight; visual; sound; durationMs; durationMode; outputs; visualOutputs"
"interface","ScreenEffectDocument","packages/core/src/screen-effects/types.ts","60","","","schemaVersion; id; name; enabled; description; category; priority; bindings; variants"
"interface","EffectContentSnapshot","packages/core/src/screen-effects/types.ts","72","","","effectId; effectName; variant; priority; assetDurations"
"interface","CreateScreenEffectDocumentInput","packages/core/src/screen-effects/types.ts","80","","","id; name; defaultVariantId"
"interface","WeightedVariant","packages/core/src/screen-effects/variant-resolver.ts","4","","","id; weight"
"interface","SecretStore","packages/core/src/security/secret-store.ts","3","","","setSecret; getSecret; deleteSecret"
"interface","Redactor","packages/core/src/security/secret-store.ts","9","","","redact; redactText"
"interface","SecretRef","packages/core/src/security/types.ts","3","","","namespace; accountId; name"
"interface","OverlayAccessKey","packages/core/src/security/types.ts","9","","","id; overlayId; moduleId; purpose; scope; targetProfileId; keyHash; routeKeySecretRef; createdAt; revokedAt"
"interface","ManagementSession","packages/core/src/security/types.ts","22","","","id; csrfToken; createdAt; expiresAt; revokedAt"
"interface","CreateOverlayKeyInput","packages/core/src/security/types.ts","30","","","overlayId; moduleId; purpose; scope; targetProfileId"
"class","NamedError","packages/core/src/shared/named-error.ts","2","Error","",""
"interface","SafeTemplateRendererDependencies","packages/core/src/templates/safe-template-renderer.ts","8","","","moderationService; templateRenderer; target"
"class","SafeTemplateRenderer","packages/core/src/templates/safe-template-renderer.ts","14","","TemplateRenderer","#moderationService; #templateRenderer; #target; render"
"interface","RenderTemplateInput","packages/core/src/templates/template-renderer.ts","3","","","template; values; escapeHtml"
"interface","TemplateRenderer","packages/core/src/templates/template-renderer.ts","9","","","render"
"class","DefaultTemplateRenderer","packages/core/src/templates/template-renderer.ts","13","","TemplateRenderer","render"
"interface","TimerDefinitionRepository","packages/core/src/timers/repository.ts","4","","","list; findById; save; delete; findByAssetId; findByAudioRouteId"
"interface","TimerDefinitionSnapshot","packages/core/src/timers/types.ts","4","","","id; label; durationMs; iconAssetId; startAudioAssetId; endAudioAssetId; outputs"
"interface","TimerDefinition","packages/core/src/timers/types.ts","14","TimerDefinitionSnapshot","","eventRules; createdAt; updatedAt"
"interface","TimerCommandResult","packages/core/src/timers/types.ts","49","","","changed; state"
"interface","TimerStackRegion","packages/core/src/timers/types.ts","54","","","layout; orientation; maxVisible"
"interface","TimersOverlayModuleConfig","packages/core/src/timers/types.ts","60","","","profiles"
"interface","TimerOverlayCardBase","packages/core/src/timers/types.ts","64","","","iconVersion; definitionId; generation; label; iconAssetId; slot"
"interface","TimerStackProjection","packages/core/src/timers/types.ts","78","","","targetProfileId; region; cards; overflowCount"
"interface","TtsProviderPlaybackInput","packages/core/src/tts/tts-provider.ts","3","","","providerId; text; voiceId; rate; pitch; volume; metadata"
"interface","TtsProvider","packages/core/src/tts/tts-provider.ts","13","","","id; label; capabilities; listVoices; createPlaybackInstruction"
"interface","TtsProviderRegistry","packages/core/src/tts/tts-provider.ts","21","","","listProviders; getProvider"
"interface","TtsProviderDescriptor","packages/core/src/tts/tts-service.ts","7","","","id; label; capabilities; voices"
"interface","TtsProviderTestInput","packages/core/src/tts/tts-service.ts","14","","","providerId; text; voiceId; rate; pitch; volume; metadata"
"interface","TtsProviderTestResult","packages/core/src/tts/tts-service.ts","24","","","instruction; moderationActions"
"interface","TtsService","packages/core/src/tts/tts-service.ts","29","","","listProviders; testProvider; createPlaybackInstruction; createPlaybackInstructionFromModeratedText"
"class","UnknownTtsProviderError","packages/core/src/tts/tts-service.ts","36","Error","","code"
"class","UnsupportedTtsOptionError","packages/core/src/tts/tts-service.ts","45","Error","","code"
"class","TtsProviderFailureError","packages/core/src/tts/tts-service.ts","58","Error","","code"
"interface","DefaultTtsServiceOptions","packages/core/src/tts/tts-service.ts","67","","","registry; moderationService"
"class","DefaultTtsService","packages/core/src/tts/tts-service.ts","72","","TtsService","#registry; #moderationService; listProviders; testProvider; createPlaybackInstruction; createPlaybackInstructionFromModeratedText; #createPlaybackInstruction"
"interface","TtsPlaybackInstruction","packages/core/src/tts/types.ts","1","","","mode; text; audioAssetId; providerPayload"
"interface","TtsProviderCapabilities","packages/core/src/tts/types.ts","8","","","supportsVoices; supportsRate; supportsPitch; supportsVolume; playbackMode"
"interface","TtsProviderConfigRef","packages/core/src/tts/types.ts","16","","","providerId; accountId"
"interface","TtsVoice","packages/core/src/tts/types.ts","21","","","id; label"
"interface","AppVersion","packages/core/src/version.ts","1","","","name; version"
"interface","ServerErrorLogEntry","apps/server/src/app.ts","59","","","errorId; requestId; code; statusCode; method; url; error"
"interface","BaseServerAppOptions","apps/server/src/app.ts","69","","","metadata; generateServerErrorId; serverErrorLogger"
"interface","PathOperations","apps/server/src/config/default-config.ts","6","","","join"
"interface","DefaultAppConfigOptions","apps/server/src/config/default-config.ts","10","","","path"
"interface","ConfigFilePathOptions","apps/server/src/config/default-config.ts","14","","","environment; path"
"class","DesktopConfigError","apps/server/src/config/desktop-config-service.ts","4","SafeHttpError","",""
"class","DesktopConfigService","apps/server/src/config/desktop-config-service.ts","9","","","#pending; getConfig; updateConfig; refresh"
"interface","FileConfigStoreOptions","apps/server/src/config/file-config-store.ts","12","","","configFilePath; defaultConfig"
"class","FileConfigStore","apps/server/src/config/file-config-store.ts","18","","ConfigStore","#configFilePath; #defaultConfig; #pending; readConfig; #readConfig; updateConfig; #serialize; #updateConfig; #writeConfig"
"interface","ServerConfigServiceOptions","apps/server/src/config/server-config-service.ts","12","","","configStore; portAvailability"
"class","ServerConfigValidationError","apps/server/src/config/server-config-service.ts","18","NamedError","","code; issues"
"class","PortUnavailableError","apps/server/src/config/server-config-service.ts","29","NamedError","","code"
"class","ServerConfigService","apps/server/src/config/server-config-service.ts","41","","","#configStore; #portAvailability; getServerConfig; updateServerConfig"
"interface","HttpErrorBody","apps/server/src/http/errors.ts","4","","","error"
"class","HttpResponseError","apps/server/src/http/errors.ts","17","SafeHttpError","",""
"interface","LocalManagementRateLimitRequest","apps/server/src/http/middleware/local-management-rate-limit.ts","4","","","clientId; routeId"
"interface","LocalManagementRateLimiterOptions","apps/server/src/http/middleware/local-management-rate-limit.ts","21","","","maxRequests; windowMs; clock"
"interface","LocalManagementRateLimitPreHandlerOptions","apps/server/src/http/middleware/local-management-rate-limit.ts","27","","","limiter"
"interface","RateLimitBucket","apps/server/src/http/middleware/local-management-rate-limit.ts","31","","","resetAtMs; count"
"class","LocalManagementRateLimiter","apps/server/src/http/middleware/local-management-rate-limit.ts","37","","","#maxRequests; #windowMs; #clock; #buckets; consume"
"interface","RuntimeSecurityLogger","apps/server/src/http/middleware/management-security.ts","7","","","warn"
"interface","ManagementOriginPolicy","apps/server/src/http/middleware/management-security.ts","17","","","allowedOrigins"
"interface","ManagementSecurityPreHandlerOptions","apps/server/src/http/middleware/management-security.ts","21","","","sessionService; originPolicy; runtimeLogger"
"interface","ManagementOriginPolicyOptions","apps/server/src/http/middleware/management-security.ts","27","","","host; port; environment"
"interface","OverlayAuthPreHandlerOptions","apps/server/src/http/middleware/overlay-auth.ts","9","","","overlayAccessService; resolveAccessRequest"
"interface","TimerAutomationSecurityLogger","apps/server/src/http/middleware/timer-automation-security.ts","6","","","warn"
"interface","TimerAutomationSecurityOptions","apps/server/src/http/middleware/timer-automation-security.ts","16","","","credentials; limiter; logger"
"interface","AlertTestPlaybackCoordinator","apps/server/src/http/routes/alerts.ts","19","","","enqueueEvent"
"interface","AlertRuleRouteDependencies","apps/server/src/http/routes/alerts.ts","23","","","alertService; alertTestPlaybackCoordinator; managementAuthPreHandler; managementRateLimitPreHandler"
"interface","AssetPreviewRouteDependencies","apps/server/src/http/routes/assets-preview.ts","8","","","mediaPreviewService; managementAuthPreHandler; managementRateLimitPreHandler"
"interface","AssetRouteDependencies","apps/server/src/http/routes/assets.ts","27","","","assetRepository; mediaImportPipeline; assetStore; localMediaService; assetLibraryService; mediaPreviewService; onAssetReplaced; managementAuthPreHandler; managementRateLimitPreHandler; overlayAccessService"
"interface","AudioOutputRouteDependencies","apps/server/src/http/routes/audio-outputs.ts","6","","","audioOutputService; managementAuthPreHandler; managementRateLimitPreHandler"
"interface","AutomationControlRouteDependencies","apps/server/src/http/routes/automation-controls.ts","10","","","automationAuthPreHandler; automationControlService"
"interface","AutomationPairingRouteDependencies","apps/server/src/http/routes/automation-pairing.ts","7","","","automationCredentialService; managementAuthPreHandler; automationMachinePreHandler; automationAuthPreHandler"
"interface","AlertCollectionRouteDependencies","apps/server/src/http/routes/collections.ts","12","","","alertService; managementAuthPreHandler; managementRateLimitPreHandler"
"interface","ServerConfigRouteDependencies","apps/server/src/http/routes/config.ts","9","","","serverConfigService; managementAuthPreHandler; managementRateLimitPreHandler"
"interface","ConfigurationBackupRouteDependencies","apps/server/src/http/routes/configuration-backup.ts","17","","","configurationBackupService; managementAuthPreHandler; managementRateLimitPreHandler"
"interface","DesktopConfigRouteDependencies","apps/server/src/http/routes/desktop-config.ts","5","","","desktopConfigService; managementAuthPreHandler; managementRateLimitPreHandler"
"interface","DiagnosticsRouteDependencies","apps/server/src/http/routes/diagnostics.ts","8","","","diagnosticsService; managementAuthPreHandler; managementRateLimitPreHandler; runtimeLogger"
"interface","ServerAppMetadata","apps/server/src/http/routes/health.ts","3","","","appName; version"
"interface","ManagementAlertRouteDependencies","apps/server/src/http/routes/management-alerts.ts","59","","","alertSets; alertEditor; reportClientError; preHandlers; generateServerErrorId"
"interface","ManagementAssetRouteDependencies","apps/server/src/http/routes/management-assets.ts","17","","","assets; preHandlers"
"interface","ManagementDiagnosticsRouteDependencies","apps/server/src/http/routes/management-diagnostics.ts","18","","","getDiagnosticsWorkspace; getConfigurationBackupSummary; openDataFolder; clearOldLogs; reportClientException; preHandlers"
"interface","ManagementHomeRouteDependencies","apps/server/src/http/routes/management-home.ts","5","","","overview; preHandlers"
"interface","ManagementProviderRouteDependencies","apps/server/src/http/routes/management-providers.ts","31","","","overview; providers; preHandlers"
"interface","AlertEditorErrorReporter","apps/server/src/http/routes/management-route-errors.ts","37","","","reportAlertEditorError"
"interface","AlertEditorErrorContext","apps/server/src/http/routes/management-route-errors.ts","44","AlertEditorErrorReporter","","generateErrorId; alertId; setId; summary; nextStep"
"interface","RuntimeContract","apps/server/src/http/routes/management-route-errors.ts","198","","","parse"
"interface","ManagementSessionRouteDependencies","apps/server/src/http/routes/management-session.ts","4","","","managementSessionService; managementRateLimitPreHandler; managementOriginPreHandler"
"interface","ManagementUiRouteDependencies","apps/server/src/http/routes/management-ui.ts","26","","","managementOverviewService; providerManagementService; musicPairingService; musicManagementService; alertSetManagementService; alertEditorService; managementAssetLibraryService; reportAlertEditorError; getDiagnosticsWorkspace; getConfigurationBackupSummary; openDataFolder; clearOldLogs; reportClientException; managementAuthPreHandler; managementRateLimitPreHandler; generateServerErrorId"
"interface","ModerationRouteDependencies","apps/server/src/http/routes/moderation.ts","12","","","moderationService; runConfigurationMutation; managementAuthPreHandler; managementRateLimitPreHandler"
"interface","MusicArtworkRouteDependencies","apps/server/src/http/routes/music-artwork.ts","9","","","musicArtworkService; musicRuntimeCoordinator; managementAuthPreHandler; managementRateLimitPreHandler; overlayAccessService; isDesktopMusicVisible"
"interface","MusicManagementRouteDependencies","apps/server/src/http/routes/music-management.ts","11","","","pairing; management; providers; preHandlers"
"interface","OverlayModuleRouteDependencies","apps/server/src/http/routes/overlay-modules.ts","10","","","overlayModuleRegistry; overlayModuleConfigService; managementAuthPreHandler; managementRateLimitPreHandler"
"interface","OverlayOutputManagementRouteDependencies","apps/server/src/http/routes/overlay-output-management.ts","16","","","overlayOutputManagementService; overlayGateway; managementAuthPreHandler; managementRateLimitPreHandler"
"interface","SurfaceSettingsRouteDependencies","apps/server/src/http/routes/overlay-surfaces.ts","6","","","surfaceSettingsService; managementAuthPreHandler; managementRateLimitPreHandler"
"interface","OverlayRouteDependencies","apps/server/src/http/routes/overlays.ts","21","","","overlayAccessService; overlayCompositionService; overlayModuleRegistry; webShellRenderer; overlayGateway"
"interface","PlaybackOperationsRouteService","apps/server/src/http/routes/playback-operations.ts","9","","","getSnapshot; skip; remove; replay; clear; setModulePaused"
"interface","PlaybackOperationsRouteDependencies","apps/server/src/http/routes/playback-operations.ts","18","","","playbackOperationsService; managementAuthPreHandler; managementRateLimitPreHandler"
"interface","PlaybackRouteCoordinator","apps/server/src/http/routes/playback.ts","6","","","getSnapshot"
"interface","LegacyPlaybackOperationsService","apps/server/src/http/routes/playback.ts","10","","","setSafety; skip; replay"
"interface","PlaybackRouteDependencies","apps/server/src/http/routes/playback.ts","16","","","playbackCoordinator; legacyPlaybackOperationsService; managementAuthPreHandler; managementRateLimitPreHandler; runtimeLogger"
"interface","ScreenEffectRouteDependencies","apps/server/src/http/routes/screen-effects.ts","16","","","effectSets; effectManagementService; managementAuthPreHandler; managementRateLimitPreHandler"
"interface","StreamerBotSubscriptionRouteDependencies","apps/server/src/http/routes/streamerbot-subscriptions.ts","10","","","streamerBotSubscriptionService; managementAuthPreHandler; managementRateLimitPreHandler"
"interface","TimerAutomationRouteDependencies","apps/server/src/http/routes/timer-automation.ts","7","","","timerManagementService; timerRuntimeCoordinator; timerAutomationAuthPreHandler"
"interface","TimerRouteDependencies","apps/server/src/http/routes/timers.ts","16","","","timerManagementService; timerRuntimeCoordinator; timerAutomationCredentialService; outputReadinessService; managementAuthPreHandler; managementRateLimitPreHandler"
"interface","TtsRouteDependencies","apps/server/src/http/routes/tts.ts","5","","","ttsService; managementAuthPreHandler; managementRateLimitPreHandler"
"interface","TwitchAuthRouteDependencies","apps/server/src/http/routes/twitch-auth.ts","9","","","twitchAuthService; managementAuthPreHandler; managementRateLimitPreHandler; runtimeLogger"
"interface","TwitchEventSubRouteDependencies","apps/server/src/http/routes/twitch-eventsub.ts","4","","","twitchEventSubStatusService; managementAuthPreHandler; managementRateLimitPreHandler"
"interface","TwitchRewardCatalogRouteDependencies","apps/server/src/http/routes/twitch-reward-catalog.ts","6","","","twitchRewardCatalogService; managementAuthPreHandler; managementRateLimitPreHandler; runtimeLogger"
"interface","WebShellRouteDependencies","apps/server/src/http/routes/web-shell.ts","8","","","webBuildDirectory; webShellRenderer"
"interface","WebShellRenderer","apps/server/src/http/routes/web-shell.ts","13","","","renderManagementShell; renderOverlayShell"
"interface","ViteManifestEntry","apps/server/src/http/routes/web-shell.ts","18","","","file; isEntry; src; css; imports; dynamicImports"
"class","ViteManifestWebShellRenderer","apps/server/src/http/routes/web-shell.ts","82","","WebShellRenderer","renderManagementShell; renderOverlayShell; renderAssetTags"
"class","SafeHttpError","apps/server/src/http/safe-http-error.ts","4","NamedError","",""
"interface","AlertAggregateMutation","apps/server/src/modules/alerts/alert-aggregate-mutation-store.ts","11","","","expectedCollections; expectedRules; missingCollectionIds; missingRuleIds; saveCollections; saveRules; saveSetMetadata; saveRuleMetadata; saveDocuments; deleteDocumentIds; deleteRuleMetadataIds; deleteRuleIds; deleteSetMetadataIds; deleteCollectionIds"
"interface","AlertAggregateMutationStore","apps/server/src/modules/alerts/alert-aggregate-mutation-store.ts","28","","","commit"
"interface","AlertEditorDocumentRepository","apps/server/src/modules/alerts/alert-editor-service.ts","48","","","find; findMany; save; delete"
"interface","AlertEditorTestPlayback","apps/server/src/modules/alerts/alert-editor-service.ts","55","","","replayDocuments; sourceEvent; alerts; audio"
"interface","AlertEditorAtomicSaveInput","apps/server/src/modules/alerts/alert-editor-service.ts","62","","","document; expectedRule; metadata; rule"
"interface","AlertEditorServiceOptions","apps/server/src/modules/alerts/alert-editor-service.ts","69","","","localMediaService; documents; rules; metadata; hasConnectedOutput; hasReadyDesktopOutput; getAudioOutputStatus; listAudioOutputRoutes; enqueueTest; moderationService; findAssets; generateId; generateReferenceId; now; saveAtomically"
"class","AlertEditorNotFoundError","apps/server/src/modules/alerts/alert-editor-service.ts","87","Error","","code"
"class","AlertEditorValidationError","apps/server/src/modules/alerts/alert-editor-service.ts","96","Error","","code"
"class","AlertEditorDeliveryBlockedError","apps/server/src/modules/alerts/alert-editor-service.ts","105","Error","","code"
"class","AlertEditorLiveImpactConfirmationRequiredError","apps/server/src/modules/alerts/alert-editor-service.ts","114","Error","","code"
"class","AlertEditorService","apps/server/src/modules/alerts/alert-editor-service.ts","127","","","#options; #templateRenderer; #renderedTextTemplateRenderer; #ttsTemplateRenderer; #now; getDocument; getVariationContext; saveDocument; #getLiveImpact; sendTest; #sendTest; #resolveTestDeviceDestinations; #resolveEditorItem; #createTestAlerts; #resolveAssets; #resolveTestDuration; #resolveVisualAssetMediaTypes"
"interface","ResolvedEditorItem","apps/server/src/modules/alerts/alert-editor-service.ts","571","","","rule; variant; variantIndex; editorId; kind"
"interface","AlertSetMetadata","apps/server/src/modules/alerts/alert-set-management-service.ts","42","","","setId; starter; starterReviewState"
"interface","AlertRuleManagementMetadata","apps/server/src/modules/alerts/alert-set-management-service.ts","48","","","ruleId; providerKind; reviewState; targetProfileIds"
"interface","AlertSetMetadataRepository","apps/server/src/modules/alerts/alert-set-management-service.ts","55","","","findSet; findSets; saveSet; deleteSet; findRule; findRules; saveRule; deleteRule; activateSet"
"interface","AlertSetManagementServiceOptions","apps/server/src/modules/alerts/alert-set-management-service.ts","83","","","alertService; metadataRepository; documents; getEditorDocument; generateId; mutationStore; listBrowserSources"
"class","AlertSetManagementService","apps/server/src/modules/alerts/alert-set-management-service.ts","96","","","#alertService; #metadataRepository; #documents; #getEditorDocument; #generateId; #mutationStore; #listBrowserSources; listSets; getSet; createSet; createAlert; createAlertVariation; duplicateManagedAlert; resetManagedAlert; deleteManagedAlert; renameSet; duplicateSet; markStarterReviewComplete; setAlertEnabled; getActivationImpact; activateSet; deleteSet; #ensureStarterSet; #toOverview; #toInventoryRows; #mapInventoryRows; #resolveManagedAlert; #documentsForRules; #requireLiveImpactConfirmation; #materializeRule; #setMetadata; #setMetadataByIds; #ruleMetadata; #ruleMetadataByIds; #findCollection; #assertUniqueName; #assertUniqueVariationName; #nextVariationName"
"class","AlertSetNotFoundError","apps/server/src/modules/alerts/alert-set-management-service.ts","828","NamedError","",""
"class","AlertRuleForSetNotFoundError","apps/server/src/modules/alerts/alert-set-management-service.ts","834","NamedError","",""
"class","AlertManagedLiveImpactConfirmationRequiredError","apps/server/src/modules/alerts/alert-set-management-service.ts","840","Error","","code"
"class","AlertSetNameConflictError","apps/server/src/modules/alerts/alert-set-management-service.ts","849","NamedError","",""
"class","AlertVariationNameConflictError","apps/server/src/modules/alerts/alert-set-management-service.ts","855","NamedError","",""
"class","AlertSetActivationBlockedError","apps/server/src/modules/alerts/alert-set-management-service.ts","861","NamedError","",""
"class","AlertSetActivationConfirmationRequiredError","apps/server/src/modules/alerts/alert-set-management-service.ts","867","NamedError","",""
"class","AlertSetDeleteBlockedError","apps/server/src/modules/alerts/alert-set-management-service.ts","873","NamedError","",""
"interface","ManagedAlertResolution","apps/server/src/modules/alerts/alert-set-management-service.ts","900","","","rule; variant; variantIndex; editorId; kind"
"class","SqliteAlertAggregateMutationStore","apps/server/src/modules/alerts/sqlite-alert-aggregate-mutation-store.ts","12","","AlertAggregateMutationStore","#connection; #alerts; #metadata; #documents; commit"
"interface","AlertEditorDocumentRow","apps/server/src/modules/alerts/sqlite-alert-editor-document-repository.ts","7","","","document_json"
"class","SqliteAlertEditorDocumentRepository","apps/server/src/modules/alerts/sqlite-alert-editor-document-repository.ts","11","","AlertEditorDocumentRepository","#connection; #now; find; findMany; save; delete; deleteSync; saveSync"
"interface","AlertCollectionRow","apps/server/src/modules/alerts/sqlite-alert-repository.ts","17","","","id; name; enabled"
"interface","AlertRuleRow","apps/server/src/modules/alerts/sqlite-alert-repository.ts","23","","","id; name; event_type; enabled; cooldown_seconds; priority"
"interface","AlertConditionRow","apps/server/src/modules/alerts/sqlite-alert-repository.ts","32","","","field; operator; value_json"
"interface","AlertRuleChildRow","apps/server/src/modules/alerts/sqlite-alert-repository.ts","38","","","rule_id"
"interface","AlertVariantRow","apps/server/src/modules/alerts/sqlite-alert-repository.ts","42","","","id; name; enabled; weight; conditions_json; priority; visual_asset_id; audio_asset_id; text_template; tts_config_json; duration_ms; layout_json"
"class","SqliteAlertRepository","apps/server/src/modules/alerts/sqlite-alert-repository.ts","57","","AlertRepository","#connection; saveCollection; saveCollectionSync; findCollectionById; findCollectionByIdSync; listCollections; listCollectionsSync; deleteCollection; deleteCollectionSync; saveRule; saveRuleSync; findRuleById; findRuleByIdSync; listRules; listRulesSync; listActiveRules; deleteRule; deleteRuleSync; #findRuleById; #mapRuleRow; #listCollectionIdsForRule; #listConditionsForRule; #listVariantsForRule"
"interface","AlertSetMetadataRow","apps/server/src/modules/alerts/sqlite-alert-set-metadata-repository.ts","10","","","set_id; starter; starter_review_state"
"interface","AlertRuleManagementMetadataRow","apps/server/src/modules/alerts/sqlite-alert-set-metadata-repository.ts","16","","","rule_id; provider_kind; review_state; target_profile_ids_json"
"class","SqliteAlertSetMetadataRepository","apps/server/src/modules/alerts/sqlite-alert-set-metadata-repository.ts","23","","AlertSetMetadataRepository","#connection; findSet; findSets; saveSet; saveSetSync; deleteSet; deleteSetSync; findRule; findRules; saveRule; saveRuleSync; deleteRule; deleteRuleSync; activateSet"
"interface","AssetDurationCatalog","apps/server/src/modules/assets/asset-duration-catalog.ts","3","","","getMany; store; invalidate"
"class","CachedAssetDurationCatalog","apps/server/src/modules/assets/asset-duration-catalog.ts","9","","AssetDurationCatalog","#cache; getMany; store; invalidate; replace"
"interface","AssetLibraryMetadata","apps/server/src/modules/assets/asset-library-service.ts","30","","","assetId; displayName; tags; createdAt; updatedAt"
"interface","AssetLibraryMetadataRepository","apps/server/src/modules/assets/asset-library-service.ts","38","","","find; save; delete"
"interface","AssetLibraryStore","apps/server/src/modules/assets/asset-library-service.ts","44","","","inspect; delete; stageDelete; readBounded"
"interface","AssetLibraryServiceOptions","apps/server/src/modules/assets/asset-library-service.ts","54","","","assetRepository; metadataRepository; assetStore; alertRepository; ruleMetadataRepository; effectRepository; timerRepository; getMusicConfig; deletePersistedAsset; findEditorDocuments; clock; durationCatalog; metadataProbe; mediaLifetime"
"class","AssetLibraryNotFoundError","apps/server/src/modules/assets/asset-library-service.ts","72","Error","",""
"class","AssetLibraryInUseError","apps/server/src/modules/assets/asset-library-service.ts","79","Error","",""
"class","InvalidMusicAssetReferenceError","apps/server/src/modules/assets/asset-library-service.ts","86","InvalidOverlayModuleConfigError","",""
"class","AssetLibraryService","apps/server/src/modules/assets/asset-library-service.ts","94","","","#options; #clock; listItems; getItem; updateMetadata; registerAsset; validateMusicAssetReferences; resolveMusicAssets; getChangeImpact; deleteAsset; completeReplacement; repairDuration; #findRecord; #metadata; #toItem; #deriveUsage; #deriveModuleUsages"
"interface","LocalAssetStoreOptions","apps/server/src/modules/assets/local-asset-store.ts","8","","","assetDirectory"
"interface","MediaFileIdentity","apps/server/src/modules/assets/local-asset-store.ts","12","","","dev; ino; size; mtimeMs; ctimeMs"
"class","AssetPathTraversalError","apps/server/src/modules/assets/local-asset-store.ts","20","Error","","storagePath"
"class","AssetFileNotFoundError","apps/server/src/modules/assets/local-asset-store.ts","30","Error","","storagePath"
"class","AssetReadLimitExceededError","apps/server/src/modules/assets/local-asset-store.ts","40","Error","","storagePath; maxBytes"
"class","LocalAssetStore","apps/server/src/modules/assets/local-asset-store.ts","52","","MediaAssetStore","#assetDirectory; #activeReaders; activeReaders; openRead; write; read; readBounded; inspect; delete; stageDelete; #resolveStoragePath"
"class","AssetFileChangedError","apps/server/src/modules/assets/local-asset-store.ts","215","Error","",""
"class","AssetStreamCapacityError","apps/server/src/modules/assets/local-asset-store.ts","219","Error","",""
"interface","LocalMediaServiceOptions","apps/server/src/modules/assets/local-media-service.ts","7","","","assets; store; retirements; now; onCleanupError"
"interface","Grant","apps/server/src/modules/assets/local-media-service.ts","15","","","owner; recipient; record; controller; expiresAt; timer"
"interface","Owner","apps/server/src/modules/assets/local-media-service.ts","24","","","records; controller; verified; timer"
"interface","PreparationVerification","apps/server/src/modules/assets/local-media-service.ts","31","","","controller; promise; waiters; settled"
"class","MediaUnavailableError","apps/server/src/modules/assets/local-media-service.ts","38","Error","",""
"class","MediaCapacityError","apps/server/src/modules/assets/local-media-service.ts","42","MediaUnavailableError","",""
"class","LocalMediaService","apps/server/src/modules/assets/local-media-service.ts","47","","","#owners; #sharedParents; #grants; #reads; #readClosers; #admission; #preparation; #now; #pending; #closed; #maintenanceCount; #maintenanceTail; counts; runAdmission; captureAdmission; commitAdmission; hasOwner; records; descriptor; issueTrustedGrant; renewOwner; admissionActive; admissionVersions; versions; acquireVersion; acquire; currentVersion; acquireFromOwner; shareVersion; get; context; issue; resolve; resolveForDelivery; renew; revoke; release; #releaseOwned; mutate; openRead; #openRead; verify; runPreparation; verifyGroup; #waitForVerification; reconcile; close; maintenance; invalidate; #cleanup; #cleanupCommitted; #exclusive"
"class","MusicMetadataProbe","apps/server/src/modules/assets/media-metadata-probe.ts","4","","MediaMetadataProbe","inspect"
"interface","Entry","apps/server/src/modules/assets/media-preview-service.ts","5","","","sessionId; owner; assetId; strictVersion; descriptor; timer"
"interface","MediaPreviewServiceOptions","apps/server/src/modules/assets/media-preview-service.ts","6","","","media; sessions; now; onCleanupError"
"class","MediaPreviewService","apps/server/src/modules/assets/media-preview-service.ts","14","","","#entries; #now; #unsubscribe; #pending; #closed; create; createVersioned; #create; renew; release; invalidateAsset; close; #expiry; #timer; #release; #exclusive"
"interface","AssetLibraryMetadataRow","apps/server/src/modules/assets/sqlite-asset-library-metadata-repository.ts","4","","","asset_id; display_name; tags_json; created_at; updated_at"
"class","SqliteAssetLibraryMetadataRepository","apps/server/src/modules/assets/sqlite-asset-library-metadata-repository.ts","12","","AssetLibraryMetadataRepository","#connection; find; save; delete"
"interface","AssetRecordRow","apps/server/src/modules/assets/sqlite-asset-repository.ts","4","","","id; original_file_name; media_type; mime_type; size_bytes; checksum; storage_path; duration_ms"
"class","SqliteAssetRepository","apps/server/src/modules/assets/sqlite-asset-repository.ts","15","","AssetRepository","#connection; save; findById; findManyByIds; list; delete; deleteSync"
"interface","AssetRetirementRepository","apps/server/src/modules/assets/sqlite-asset-retirement-repository.ts","3","","","list; isCurrent; forget"
"class","SqliteAssetRetirementRepository","apps/server/src/modules/assets/sqlite-asset-retirement-repository.ts","10","","AssetRetirementRepository","list; isCurrent; forget"
"class","AudioOutputError","apps/server/src/modules/audio/audio-output-error.ts","4","SafeHttpError","",""
"interface","AudioOutputServiceDependencies","apps/server/src/modules/audio/audio-output-service.ts","12","","","routes; host; isMuted; generateId; runMutation; runTest; logger; generateReferenceId"
"class","AudioOutputService","apps/server/src/modules/audio/audio-output-service.ts","23","","","#testing; #lastDeviceDiagnosticSignature; #lastRouteDiagnosticSignature; #lastMissingRouteCount; #automaticBindingStates; listRoutes; preparePlayback; getDevices; getStatus; reconcileBindings; createRoute; updateRoute; deleteRoute; testRoute; retry; #requireRoute; #requireCapability; #resolveBinding; #reconcileWithCapability; #logDeviceTransition; #log"
"interface","DesktopAudioSinkDependencies","apps/server/src/modules/audio/desktop-audio-sink.ts","13","","","transport; media; now; logger; generateReferenceId"
"class","DesktopAudioSink","apps/server/src/modules/audio/desktop-audio-sink.ts","31","","AudioPlaybackSink","#transport; #media; #now; #logger; #generateReferenceId; #verification; #cancelled; #pendingByPlaybackId; #waitingStarts; #closed; prepare; play; #play; stop; setModuleMutes; setMuted; close; #isCurrent; #recordFailure"
"class","SqliteAudioOutputRouteRepository","apps/server/src/modules/audio/sqlite-audio-output-route-repository.ts","12","","AudioOutputRouteRepository","list; findById; findReferences; findModuleReferences; save; delete"
"interface","LocalManagementSessionServiceOptions","apps/server/src/modules/auth/management-session-service.ts","9","","","repository; clock; generateId; generateCsrfToken; sessionTtlMs"
"class","InMemoryManagementSessionRepository","apps/server/src/modules/auth/management-session-service.ts","20","","ManagementSessionRepository","#sessions; save; findById; update"
"class","LocalManagementSessionService","apps/server/src/modules/auth/management-session-service.ts","42","","ManagementSessionService","#invalidationListeners; #repository; #clock; #generateId; #generateCsrfToken; #sessionTtlMs; createSession; verifySession; revokeSession; onInvalidated"
"class","AutomationControlError","apps/server/src/modules/automation/automation-control-service.ts","6","SafeHttpError","",""
"interface","Grant","apps/server/src/modules/automation/automation-control-service.ts","9","","","scopes"
"interface","TimerControl","apps/server/src/modules/automation/automation-control-service.ts","10","","","listStates; activate; reset; stopActive; adjustActive; togglePaused"
"interface","Options","apps/server/src/modules/automation/automation-control-service.ts","30","","","timers; definitions; playback; now; runtimeId; runCommand"
"class","AutomationControlService","apps/server/src/modules/automation/automation-control-service.ts","38","","","#runtimeId; #revision; #fingerprint; #now; invalidateRuntime; capabilities; snapshot; command"
"interface","AutomationGrant","apps/server/src/modules/automation/automation-credential-service.ts","10","","","id; clientName; scopes; createdAt; revokedAt"
"interface","StoredAutomationGrant","apps/server/src/modules/automation/automation-credential-service.ts","11","AutomationGrant","","tokenHash; claimedAt"
"interface","AutomationGrantRepository","apps/server/src/modules/automation/automation-credential-service.ts","12","","","insert; findByHash; list; revoke; expireUnclaimed; claim"
"interface","AutomationPairing","apps/server/src/modules/automation/automation-credential-service.ts","13","","","id; clientName; scopes; comparisonCode; expiresAt; approvalUrl; status"
"interface","Pending","apps/server/src/modules/automation/automation-credential-service.ts","14","","","view; challenge; expiresMs; approvedScopes"
"class","AutomationCredentialError","apps/server/src/modules/automation/automation-credential-service.ts","15","SafeHttpError","",""
"class","AutomationCredentialService","apps/server/src/modules/automation/automation-credential-service.ts","16","","","#pending; #now; #assertAvailable; createPairing; listPairings; getPairing; approve; deny; pairingStatus; exchange; verify; listGrants; revoke; clearPending; expireUnclaimed; prune; pending; prove"
"class","SqliteAutomationGrantRepository","apps/server/src/modules/automation/sqlite-automation-grant-repository.ts","4","","AutomationGrantRepository","insert; findByHash; list; expireUnclaimed; claim; revoke"
"interface","ConfigurationSnapshotRepository","apps/server/src/modules/backup/configuration-backup-service.ts","29","","","snapshot; captureRestorePoint; restoreRestorePoint; validate; replace"
"interface","ConfigurationBackupServiceOptions","apps/server/src/modules/backup/configuration-backup-service.ts","40","","","appVersion; schemaVersion; now; generateReferenceId; configStore; snapshotRepository; assetRepository; assetStore; assetValidator; getRuntime; getAvailableBytes; safetyBackupStore; regenerateOutput; reloadRuntimeConfiguration; assetDurationCatalog; twitchCredentials; musicRestore; runExclusive; deferRetiredAssetCleanup"
"class","ConfigurationRestoreBlockedError","apps/server/src/modules/backup/configuration-backup-service.ts","83","Error","",""
"class","ConfigurationBackupService","apps/server/src/modules/backup/configuration-backup-service.ts","94","","","#options; #now; configurationChecksum; summary; exportArchive; preflight; restore; #restore; #restoreError"
"interface","LocalConfigurationBackupStoreOptions","apps/server/src/modules/backup/local-configuration-backup-store.ts","6","","","directory; now"
"class","LocalConfigurationBackupStore","apps/server/src/modules/backup/local-configuration-backup-store.ts","11","","","#directory; #now; write"
"class","RuntimeMaintenanceUnavailableError","apps/server/src/modules/backup/runtime-maintenance-gate.ts","1","Error","",""
"class","RuntimeMaintenanceGate","apps/server/src/modules/backup/runtime-maintenance-gate.ts","8","","","#maintenanceActive; #activeIntakeCount; #stopping; #drained; stop; #notifyDrained; activeIntakeCount; runIntake; runConfigurationMutation; runMaintenance"
"interface","TableDefinition","apps/server/src/modules/backup/sqlite-configuration-snapshot-repository.ts","40","","","name; columns; orderBy; jsonColumns; select"
"interface","SqliteConfigurationRestorePoint","apps/server/src/modules/backup/sqlite-configuration-snapshot-repository.ts","110","","","marker; tables"
"class","SqliteConfigurationSnapshotRepository","apps/server/src/modules/backup/sqlite-configuration-snapshot-repository.ts","115","","ConfigurationSnapshotRepository","snapshot; captureRestorePoint; restoreRestorePoint; validate; replace"
"interface","StreamJamsMigration","apps/server/src/modules/db/database.ts","38","","","id; sql"
"interface","StreamJamsDatabase","apps/server/src/modules/db/database.ts","43","Disposable","","connection; runMigrations; close"
"class","NodeSqliteStreamJamsDatabase","apps/server/src/modules/db/database.ts","152","","StreamJamsDatabase","connection; runMigrations; close; [Symbol.dispose]"
"interface","DiagnosticsProviderStatus","apps/server/src/modules/diagnostics/diagnostics-service.ts","16","","","providerId; label; state; lastErrorAt; message; referenceId"
"interface","DiagnosticsProviderStatusSource","apps/server/src/modules/diagnostics/diagnostics-service.ts","25","","","getStatus"
"interface","DiagnosticsRuntimeLogSource","apps/server/src/modules/diagnostics/diagnostics-service.ts","29","","","getMetadata; listRecent"
"interface","DiagnosticsServiceOptions","apps/server/src/modules/diagnostics/diagnostics-service.ts","34","","","repository; redactor; providerStatusSources; runtimeLogSource; resolveProviderRegistrationId; resolveAlertSetId; now; defaultLimit; maxLimit"
"interface","DiagnosticsListOptions","apps/server/src/modules/diagnostics/diagnostics-service.ts","46","","","limit"
"interface","DiagnosticsWorkspaceOptions","apps/server/src/modules/diagnostics/diagnostics-service.ts","50","DiagnosticsListOptions","","runtimeLogLimit; sinceHours"
"interface","DiagnosticsEventLogView","apps/server/src/modules/diagnostics/diagnostics-service.ts","55","","","id; eventId; providerId; eventType; actorDisplayName; status; receivedAt; correlationId; processingId; errorMessage"
"interface","DiagnosticsProviderErrorView","apps/server/src/modules/diagnostics/diagnostics-service.ts","72","","","id; providerId; label; occurredAt; message; correlationId; processingId"
"interface","DiagnosticsView","apps/server/src/modules/diagnostics/diagnostics-service.ts","82","","","eventLogs; alertMatchLogs; playbackLogs; providerErrors; runtimeLogging"
"interface","DiagnosticsExport","apps/server/src/modules/diagnostics/diagnostics-service.ts","90","DiagnosticsView","","generatedAt; debugExport; rawEventLogs"
"interface","DiagnosticsDebugExport","apps/server/src/modules/diagnostics/diagnostics-service.ts","96","DiagnosticsView","","generatedAt; debugExport; rawEventLogs; runtimeLogEntries; runtimeLogTruncated; runtimeLogSkippedCorruptRecords"
"class","DiagnosticsService","apps/server/src/modules/diagnostics/diagnostics-service.ts","105","","","#repository; #redactor; #providerStatusSources; #runtimeLogSource; #resolveProviderRegistrationId; #resolveAlertSetId; #now; #defaultLimit; #maxLimit; getDiagnostics; createExport; createDebugExport; getWorkspace; #readLogs; #buildDiagnostics; #resolveLimit; #mapEventLog; #mapPlaybackLog; #buildProviderErrors; #mapWorkspaceEvent; #resolveAlertSetIdSafely; #buildWorkspaceProblems; #mapWorkspaceRawLog; #readRuntimeLogMetadata; #readRuntimeLogs"
"class","DiagnosticsLimitError","apps/server/src/modules/diagnostics/diagnostics-service.ts","584","Error","","code"
"interface","EmergencyLogInput","apps/server/src/modules/diagnostics/emergency-log-writer.ts","9","","","timestamp; component; event; referenceId; message; originalException; loggerException"
"interface","EmergencyLogWriterOptions","apps/server/src/modules/diagnostics/emergency-log-writer.ts","19","","","filePath; appendFile; writeStderr"
"class","EmergencyLogWriter","apps/server/src/modules/diagnostics/emergency-log-writer.ts","25","","","#filePath; #appendFile; #writeStderr; #writing; write"
"class","LogConfigService","apps/server/src/modules/diagnostics/log-config-service.ts","9","","","#configStore; getSettings; updateSettings"
"interface","LogFileEntry","apps/server/src/modules/diagnostics/log-retention-service.ts","8","","","name; filePath; modifiedAt; isFile"
"interface","LogRetentionFileSystem","apps/server/src/modules/diagnostics/log-retention-service.ts","15","","","listFiles; deleteFile"
"interface","LogRetentionCleanupInput","apps/server/src/modules/diagnostics/log-retention-service.ts","20","","","logDirectory; settings; now"
"interface","LogRetentionResult","apps/server/src/modules/diagnostics/log-retention-service.ts","26","","","deletedFilePaths; retainedFilePaths"
"class","LogRetentionService","apps/server/src/modules/diagnostics/log-retention-service.ts","32","","","#fileSystem; cleanupExpiredLogs"
"class","NodeLogRetentionFileSystem","apps/server/src/modules/diagnostics/log-retention-service.ts","81","","LogRetentionFileSystem","listFiles; deleteFile"
"interface","RuntimeLogEntry","apps/server/src/modules/diagnostics/runtime-jsonl-logger.ts","16","","","timestamp; level; event; component; message; correlationId; processingId; exception; details"
"interface","RuntimeLogMetadata","apps/server/src/modules/diagnostics/runtime-jsonl-logger.ts","28","","","logDirectory; level; rollover; retentionHours; fileCount; currentLogFile; oldestLogFile; newestLogFile"
"interface","RuntimeLogReadResult","apps/server/src/modules/diagnostics/runtime-jsonl-logger.ts","39","","","entries; truncated; skippedCorruptRecords"
"interface","RuntimeJsonlLoggerOptions","apps/server/src/modules/diagnostics/runtime-jsonl-logger.ts","45","","","logDirectory; settings; redactor; retentionService; now; emergencyWriter; fileSystem; serialize"
"interface","RuntimeLogFileSystem","apps/server/src/modules/diagnostics/runtime-jsonl-logger.ts","56","","","mkdir; appendFile; readdir; readFile"
"class","RuntimeJsonlLogger","apps/server/src/modules/diagnostics/runtime-jsonl-logger.ts","72","","Logger","#logDirectory; #settings; #redactor; #retentionService; #now; #emergencyWriter; #fileSystem; #serialize; debug; info; warn; error; getMetadata; listRecent; #write; #listLogFiles; #filePathFor"
"interface","EventLogRow","apps/server/src/modules/diagnostics/sqlite-log-repository.ts","16","","","id; event_json; received_at; status; correlation_id; processing_id; error_message"
"interface","AlertMatchLogRow","apps/server/src/modules/diagnostics/sqlite-log-repository.ts","26","","","id; source_event_id; rule_id; variant_id; matched_at; correlation_id; processing_id"
"interface","PlaybackLogRow","apps/server/src/modules/diagnostics/sqlite-log-repository.ts","36","","","id; queue_item_id; source_event_id; alert_ids_json; status; occurred_at; correlation_id; processing_id; message"
"class","SqliteDiagnosticsLogRepository","apps/server/src/modules/diagnostics/sqlite-log-repository.ts","48","","DiagnosticsLogRepository","#connection; appendEventLog; listEventLogs; appendAlertMatchLog; listAlertMatchLogs; appendPlaybackLog; listPlaybackLogs; pruneBefore"
"interface","EventIngestionStatus","apps/server/src/modules/events/event-ingestion-service.ts","26","","","state; acceptedCount; duplicateCount; rejectedCount; lastEventAt; lastErrorAt; message; referenceId"
"interface","EventIngestionDiagnostic","apps/server/src/modules/events/event-ingestion-service.ts","37","","","code; message; referenceId; ingestProvider; source; subscriptionType; upstreamType; exception"
"interface","EventSink","apps/server/src/modules/events/event-ingestion-service.ts","48","","","handleEvent; handleTriggers"
"interface","EventIngestionServiceOptions","apps/server/src/modules/events/event-ingestion-service.ts","53","","","sink; now; maxDedupeEntries; generateReferenceId; onDiagnostic"
"class","EventIngestionService","apps/server/src/modules/events/event-ingestion-service.ts","61","","","#sink; #now; #maxDedupeEntries; #generateReferenceId; #onDiagnostic; #seenMessageIds; #inFlightMessageIds; #status; getStatus; ingestNormalizedEvent; ingestEffectTriggers; ingestTwitchEventSubNotification; #deliverNormalizedEvent; #markAccepted; #reject; #rememberMessageId"
"interface","EventPipelineIdGenerator","apps/server/src/modules/events/event-pipeline.ts","16","","",""
"interface","EventPipelineOptions","apps/server/src/modules/events/event-pipeline.ts","20","","","timerEventSink; onTimerError; playbackCoordinator; diagnosticsLogRepository; generateId; effectTriggerSink; onEffectError; now"
"class","EventPipeline","apps/server/src/modules/events/event-pipeline.ts","34","","EventSink","#timerEventSink; #onTimerError; #playbackCoordinator; #diagnosticsLogRepository; #generateId; #effectTriggerSink; #onEffectError; #now; handleEvent; handleTriggers; #deliverTimers; #deliverEffects; #appendPlaybackRecords; #appendEventLog"
"interface","ModerationSettingsRow","apps/server/src/modules/moderation/sqlite-moderation-settings-repository.ts","9","","","rendered_max_length; rendered_blocked_terms_json; rendered_strip_urls; tts_max_length; tts_blocked_terms_json; tts_strip_urls"
"class","SqliteModerationSettingsRepository","apps/server/src/modules/moderation/sqlite-moderation-settings-repository.ts","18","","ModerationSettingsRepository","#connection; read; replace"
"interface","PrivateArtworkDescriptor","apps/server/src/modules/music/music-artwork-policy.ts","6","","","url"
"interface","MusicArtworkOwner","apps/server/src/modules/music/music-artwork-service.ts","10","","","providerId; generation"
"interface","MusicArtworkRead","apps/server/src/modules/music/music-artwork-service.ts","11","","","bytes; mimeType"
"interface","MusicArtworkServiceOptions","apps/server/src/modules/music/music-artwork-service.ts","12","","","getPolicy; isCurrentOwner; isCurrentDescriptor; resolveAddresses; fetchBytes; now"
"interface","Entry","apps/server/src/modules/music/music-artwork-service.ts","27","MusicArtworkRead","","owner; url"
"interface","Grant","apps/server/src/modules/music/music-artwork-service.ts","28","","","ref; owner; recipient; expiresAt"
"interface","PendingArtwork","apps/server/src/modules/music/music-artwork-service.ts","29","","","owner; controller; promise; waiters"
"class","MusicArtworkService","apps/server/src/modules/music/music-artwork-service.ts","37","","","#entries; #grants; #pending; #options; #cacheBytes; counts; resolve; #fetch; read; issueGrant; readGrant; clearGeneration; revokeRecipient; #remove; #evict; #isCurrentDescriptor"
"interface","MusicManagementServiceOptions","apps/server/src/modules/music/music-management-service.ts","12","","","providers; runtime; getConfig; assets"
"class","MusicManagementService","apps/server/src/modules/music/music-management-service.ts","19","","","getStatus; reconnect"
"class","MusicSourceNotFoundError","apps/server/src/modules/music/music-management-service.ts","53","NamedError","",""
"class","MusicOutputRuntime","apps/server/src/modules/music/music-output-runtime.ts","17","","OverlayModuleRuntime","getModuleSnapshot; #fixture"
"interface","MusicRuntimeSource","apps/server/src/modules/music/music-runtime-coordinator.ts","9","","","providerId; configuration; token"
"interface","MusicRuntimePublication","apps/server/src/modules/music/music-runtime-coordinator.ts","16","","","revision; generation; status; getProjection"
"interface","MusicRuntimeCoordinatorOptions","apps/server/src/modules/music/music-runtime-coordinator.ts","23","","","getConfig; getActiveSource; createSource; sink; now; schedule; cancel"
"class","MusicRuntimeCoordinator","apps/server/src/modules/music/music-runtime-coordinator.ts","36","","","#options; #now; #config; #source; #controller; #generation; #snapshot; #lastAcceptedRevision; #status; #appearanceStartedAtEpochMs; #revision; #lifecycle; #transition; #deadline; #activePublication; #pendingPublication; #listeners; #closed; #suspended; generation; revision; getStatus; getProjection; getArtworkPolicy; getArtworkDescriptor; getCurrentArtwork; subscribe; refreshConfig; reconcile; suspendForMaintenance; resumeAfterMaintenance; stop; #owns; #acceptSnapshot; #acceptStatus; #cancelDeadline; #armDeadline; #publish; #drainPublication"
"class","PearAuthenticationError","apps/server/src/modules/music/pear-music-source.ts","21","NamedError","",""
"class","PearTransportUnavailableError","apps/server/src/modules/music/pear-music-source.ts","22","NamedError","",""
"class","PearProtocolError","apps/server/src/modules/music/pear-music-source.ts","25","NamedError","",""
"interface","PearMusicSourceOptions","apps/server/src/modules/music/pear-music-source.ts","27","","","config; token; providerId; generation; now; jitter"
"interface","SongResponse","apps/server/src/modules/music/pear-music-source.ts","37","","","observation"
"interface","OpenSocket","apps/server/src/modules/music/pear-music-source.ts","38","","","socket; closed"
"class","PearMusicSource","apps/server/src/modules/music/pear-music-source.ts","40","","MusicSourceAdapter","#options; #config; #now; #snapshot; #status; #revision; #songRevision; #transportEpoch; #run; #controller; #socket; #requestInFlight; #staleTimer; #artwork; #onSnapshot; #onStatus; getArtworkPolicy; getSnapshot; getArtworkDescriptor; testConnection; start; stop; #runLoop; #reconcileWs; #pollOnce; #publish; #context; #clearLive; #setStatus; #fetchSong; #openWs"
"interface","PearObservationContext","apps/server/src/modules/music/pear-normalization.ts","4","","","providerId; generation; revision; observedAtEpochMs; artworkRef"
"interface","MusicPairingAttemptView","apps/server/src/modules/music/pear-pairing-service.ts","11","","","attemptId; status; expiresAt"
"interface","PearApprovalResponse","apps/server/src/modules/music/pear-pairing-service.ts","12","","","status; body"
"interface","PearPairingClaim","apps/server/src/modules/music/pear-pairing-service.ts","13","","","token; clientId; assertActive; release; complete"
"interface","PearPairingServiceOptions","apps/server/src/modules/music/pear-pairing-service.ts","20","","","identityStore; requestApproval; now; generateId; generateClientId"
"interface","Attempt","apps/server/src/modules/music/pear-pairing-service.ts","27","","","id; config; clientId; expiresAt; abort; timer; status; token; claimed; claimVersion"
"class","PearPairingService","apps/server/src/modules/music/pear-pairing-service.ts","40","","","#options; #attempts; #now; #requestApproval; #identityPromise; #identityEpoch; #identityChanging; #pendingBegins; begin; get; reserve; cancel; dispose; invalidateIdentity; changeIdentity; #expire; #end; #require; #view; #stableClientId; #loadClientId; #makeRoom"
"interface","OverlayModuleConfigRow","apps/server/src/modules/overlay-modules/sqlite-module-config-repository.ts","4","","","module_id; enabled; config_json; updated_at"
"class","SqliteOverlayModuleConfigRepository","apps/server/src/modules/overlay-modules/sqlite-module-config-repository.ts","11","","OverlayModuleConfigRepository","#connection; getModuleConfig; saveModuleConfig"
"interface","DesktopModuleSnapshotSinkDependencies","apps/server/src/modules/overlay-surfaces/desktop-module-snapshot-sink.ts","6","","","transport; surfaces; runtime; assets; music; logger; generateReferenceId"
"class","DesktopModuleSnapshotSink","apps/server/src/modules/overlay-surfaces/desktop-module-snapshot-sink.ts","21","","","#refresh; #revision; #musicRevision; #musicOwner; #musicRequest; #musicFrame; #musicArtwork; #pendingArtwork; #closed; syncMusic; #cancelArtwork; #attachArtwork; sync; close"
"interface","DesktopVisualAssetResolverDependencies","apps/server/src/modules/overlay-surfaces/desktop-visual-asset-resolver.ts","5","","","media; now"
"class","DesktopVisualAssetResolver","apps/server/src/modules/overlay-surfaces/desktop-visual-asset-resolver.ts","10","","","#now; resolve; resolveTimerModule; resolveMusicModule; releaseMusicOwner"
"interface","DesktopVisualSinkDependencies","apps/server/src/modules/overlay-surfaces/desktop-visual-sink.ts","3","","","transport; surfaces; assets; now; onPlaybackDiagnostics"
"class","DesktopVisualSink","apps/server/src/modules/overlay-surfaces/desktop-visual-sink.ts","14","","","#now; #ledger; #current; #admitted; #queue; #generation; #pumping; #closed; #closing; #configuring; #displayId; configure; prepare; play; #play; stop; close; #drain; #dispatch; #startGroup; #complete; #cancel; #finish; #retire"
"class","SqliteSurfaceRepository","apps/server/src/modules/overlay-surfaces/sqlite-surface-repository.ts","8","","SurfaceRepository","list; save; reconcile; write"
"class","SurfaceSettingsError","apps/server/src/modules/overlay-surfaces/surface-settings-service.ts","7","SafeHttpError","",""
"interface","SurfaceSettingsServiceDependencies","apps/server/src/modules/overlay-surfaces/surface-settings-service.ts","11","","","surfaces; host; moduleIds; changed; runMutation; logger; generateReferenceId"
"class","SurfaceSettingsService","apps/server/src/modules/overlay-surfaces/surface-settings-service.ts","21","","","#saving; #applicationFailure; #desktopBindingState; #lastDesktopDiagnosticSignature; load; #view; save; initializeDesktop; reconcileDesktopBinding; retry; #status; #trustedDesktopConfiguration; #reconcileDesktopBinding; #mutate; #logDesktopTransition; #log"
"interface","OutputReadinessServiceOptions","apps/server/src/modules/overlays/output-readiness-service.ts","14","","","getClientStates; listOutputs; listSurfaces; desktopHost; getAudioStatus; logger; generateReferenceId"
"class","OutputReadinessService","apps/server/src/modules/overlays/output-readiness-service.ts","24","","","#desktopSignatures; isModuleBrowserSourceConnected; isUnifiedBrowserSourceConnected; listAlertBrowserSources; listTimerBrowserSources; hasConfiguredAlertBrowserOutput; isBrowserOutputReady; isDesktopVisualReady; #logDesktopUnavailable; #log; hasReadyAudioRoute"
"interface","LocalOverlayAccessServiceOptions","apps/server/src/modules/overlays/overlay-access-service.ts","14","","","repository; clock; generateId; generateRawKey; createRouteKeySecretRef"
"class","InMemoryOverlayAccessKeyRepository","apps/server/src/modules/overlays/overlay-access-service.ts","23","","OverlayAccessKeyRepository","#records; records; create; findById; findByHash; hasOutput; findByOutput; update"
"class","LocalOverlayAccessService","apps/server/src/modules/overlays/overlay-access-service.ts","74","","OverlayAccessService","#repository; #clock; #generateId; #generateRawKey; #createRouteKeySecretRef; createKey; verifyRouteAccess; revokeKey"
"interface","OverlayOutputManagementServiceOptions","apps/server/src/modules/overlays/overlay-output-management-service.ts","23","","","overlayAccessService; overlayKeyRepository; overlayModuleRegistry; overlayModuleConfigService; secretStore"
"class","OverlayOutputManagementService","apps/server/src/modules/overlays/overlay-output-management-service.ts","31","","","#overlayAccessService; #overlayKeyRepository; #overlayModuleRegistry; #overlayModuleConfigService; #secretStore; listOutputs; createKey; regenerateKey; revokeKey; #toOutputView; #assertKnownOutput; #storeRouteKey; #readRouteKey; #urlFor; #labelFor"
"class","UnknownOverlayOutputError","apps/server/src/modules/overlays/overlay-output-management-service.ts","223","NamedError","","code"
"class","UnrecoverableOverlayRouteKeyError","apps/server/src/modules/overlays/overlay-output-management-service.ts","231","NamedError","","code"
"interface","OverlayAccessKeyRow","apps/server/src/modules/overlays/sqlite-overlay-access-key-repository.ts","11","","","id; overlay_id; module_id; purpose; scope; target_profile_id; key_hash; route_key_secret_ref_json; created_at; revoked_at"
"class","SqliteOverlayAccessKeyRepository","apps/server/src/modules/overlays/sqlite-overlay-access-key-repository.ts","24","","OverlayAccessKeyRepository","#connection; create; findById; findByHash; hasOutput; findByOutput; update"
"interface","PlaybackEnqueueResult","apps/server/src/modules/playback/playback-coordinator.ts","33","","","status; snapshot; matchedRuleIds; enqueuedAlertIds"
"interface","OverlayPlaybackInstructionSink","apps/server/src/modules/playback/playback-coordinator.ts","57","","","preparePlaybackInstruction; deliverPlaybackInstruction; setPlaybackMuted; setModuleMutes; stopPlaybackInstructions"
"interface","DesktopVisualPlaybackSink","apps/server/src/modules/playback/playback-coordinator.ts","65","","","prepare; play; stop; close"
"interface","PlaybackCoordinatorDependencies","apps/server/src/modules/playback/playback-coordinator.ts","72","","","localMediaService; alertService; matcher; resolver; queue; cooldownService; dedupeService; defaultTarget; additionalTargets; visualAssetMediaTypes; assetRepository; assetDurationCatalog; overlayPlaybackSink; audioPlaybackSink; desktopVisualSink; audioOutputService; findEditorDocuments; ttsService; logger; generateReferenceId; persistPlaybackSafetyState"
"interface","DevicePlaybackState","apps/server/src/modules/playback/playback-coordinator.ts","96","","","occurrenceId; transportId; cancelled; settled; stopping"
"interface","PendingBrowserInstruction","apps/server/src/modules/playback/playback-coordinator.ts","104","","","pendingClients; completedBeforeDispatch; dispatchComplete"
"class","PlaybackCoordinator","apps/server/src/modules/playback/playback-coordinator.ts","113","","","#alertService; #matcher; #resolver; #queue; #cooldownService; #dedupeService; #targets; #visualAssetMediaTypes; #assetRepository; #assetDurationCatalog; #overlayPlaybackSink; #audioPlaybackSink; #desktopVisualSink; #desktopPlayback; #audioOutputService; #devicePlayback; #closePromise; #preparationCancels; #completionTimer; #stoppingOccurrence; #findEditorDocuments; #ttsService; #logger; #generateReferenceId; #persistPlaybackSafetyState; #lastDeliveredCurrentItemId; #lastRemoteTtsItemId; #pendingClientsByInstructionId; #browserInstructionIds; #browserDispatchComplete; #closed; #replayDocuments; #localMediaService; getSnapshot; close; enqueueEvent; #enqueueEvent; #resolveEditorDurations; #dispatchRemoteTts; #recordRemoteTtsFailure; enqueueResolvedTest; completeCurrent; reportInstructionFinished; reportClientDisconnected; skipCurrent; skip; remove; clearPending; setModulePaused; applySafetyState; replayRecent; pause; resume; mute; unmute; setDoNotDisturb; #deliverCurrent; #deliverGroup; #dispatchDeviceAudio; #canCompleteCurrent; #dispatchDesktop; #recordDesktopFailure; #prepareRecipient; #handleWatchdog; #stopOccurrenceAndAdvance; #scheduleTimer; #stopBrowserInstructions; #clearOccurrenceTimers; #recordDeviceAudioFailure; #recordOverlayTransportFailure; #resolveVisualAssetMediaTypes; #loadEditorDocuments; #result"
"interface","PlaybackOperationsServiceOptions","apps/server/src/modules/playback/playback-operations-service.ts","12","","","owners; initialSafety; persistSafety; applySafety; onSafetyApplyFailure"
"class","UnknownPlaybackOwnerError","apps/server/src/modules/playback/playback-operations-service.ts","20","Error","",""
"class","PlaybackOperationsConflictError","apps/server/src/modules/playback/playback-operations-service.ts","27","Error","",""
"class","PlaybackOperationsService","apps/server/src/modules/playback/playback-operations-service.ts","37","","","#owners; #persistSafety; #applySafety; #onSafetyApplyFailure; #safety; #pendingSafetyMutation; #muteOutputStatus; #revision; #fingerprint; getSnapshot; getModuleMuteState; getMuteOutputStatus; setModulesMuted; toggleModulesMuted; #serialize; setSafety; #setSafety; restoreSafety; skip; remove; replay; clear; setModulePaused; toggleModulePaused; clearPendingGuarded; #owner; #conflict; #applySafetyAndReport"
"interface","AlertOwnerCoordinator","apps/server/src/modules/playback/playback-queue-owners.ts","13","","","getSnapshot; skip; remove; replayRecent; clearPending; setModulePaused"
"interface","EffectOwnerCoordinator","apps/server/src/modules/playback/playback-queue-owners.ts","22","","","skip; startNext"
"interface","ManagementOverviewServiceOptions","apps/server/src/modules/providers/management-overview-service.ts","33","","","providerService; alertSetService; getEventSourceRuntimeView; getTwitchAuthorization; hasBrowserOutput; getAlertEditorDocument; listAssetLibraryItems"
"interface","EventSourceRuntimeView","apps/server/src/modules/providers/management-overview-service.ts","43","","","liveStatus; error"
"class","ManagementOverviewService","apps/server/src/modules/providers/management-overview-service.ts","48","","","#options; getHomeSetupSummary; #getAlertConfiguration; listRegisteredProviders; getRegisteredProvider; #withLiveStatus"
"interface","ProviderActivationImpactInput","apps/server/src/modules/providers/provider-activation-impact.ts","3","","","capability; affectedAlertCount; changesProviderKind; currentProviderName; targetProviderName; occurredAt"
"class","StreamerBotSubscriptionError","apps/server/src/modules/providers/provider-errors.ts","20","NamedError","",""
"interface","ProviderManagementAdaptersOptions","apps/server/src/modules/providers/provider-management-adapters.ts","35","","","twitchOAuthService; twitchEventSubRuntimeService; streamerBotSocketFactory; speakerBotSocketFactory; ttsService; now; generateRequestId; streamerBotRequestIdGenerator; timeoutMs"
"class","TwitchProviderAdapter","apps/server/src/modules/providers/provider-management-adapters.ts","74","","ProviderManagementAdapter","validate"
"class","StreamerBotProviderAdapter","apps/server/src/modules/providers/provider-management-adapters.ts","120","","ProviderManagementAdapter","validate"
"class","SpeakerBotProviderAdapter","apps/server/src/modules/providers/provider-management-adapters.ts","169","","ProviderManagementAdapter","validate; testVoice"
"class","BrowserSpeechProviderAdapter","apps/server/src/modules/providers/provider-management-adapters.ts","216","","ProviderManagementAdapter","validate; testVoice"
"interface","ProviderVoiceTestInput","apps/server/src/modules/providers/provider-management-service.ts","47","","","provider; text"
"interface","ProviderManagementAdapter","apps/server/src/modules/providers/provider-management-service.ts","52","","","validate; testVoice"
"interface","ProviderManagementServiceOptions","apps/server/src/modules/providers/provider-management-service.ts","57","","","repository; adapters; secretStore; musicPairing; validateMusicConnection; runMusicMutation; getActivationImpact; getUsedByAlertCount; generateId; generateReferenceId; logger; onEventSourceChanged; onMusicSourceChanged; streamerBotSubscriptions; getVerifiedTwitchBroadcasterId; now"
"interface","StreamerBotSubscriptionRuntime","apps/server/src/modules/providers/provider-management-service.ts","77","","","getCatalog; replaceExternalSubscriptions"
"interface","SecretStoreBoundary","apps/server/src/modules/providers/provider-management-service.ts","86","","","setSecret; getSecret; deleteSecret"
"class","ProviderActivationBlockedError","apps/server/src/modules/providers/provider-management-service.ts","92","Error","","code"
"class","ProviderActivationConfirmationRequiredError","apps/server/src/modules/providers/provider-management-service.ts","101","Error","","code"
"class","ProviderRegistrationNotFoundError","apps/server/src/modules/providers/provider-management-service.ts","110","Error","","code"
"class","StreamerBotSubscriptionSelectionUnavailableError","apps/server/src/modules/providers/provider-management-service.ts","121","Error","","code"
"class","ProviderManagementService","apps/server/src/modules/providers/provider-management-service.ts","131","","","#repository; #adapters; #secretStore; #musicPairing; #validateMusicConnection; #runMusicMutation; #getActivationImpact; #getUsedByAlertCount; #generateId; #generateReferenceId; #logger; #onEventSourceChanged; #onMusicSourceChanged; #streamerBotSubscriptions; #getVerifiedTwitchBroadcasterId; #now; #pendingStreamerBotSubscriptionMutation; #pendingMusicCredentialMutation; validateProvider; #validateProvider; registerProvider; #registerProvider; replaceMusicCredential; #queueMusicCredentialReplacement; #replaceMusicCredential; #validatePear; listProviders; getProvider; getActivationImpact; activateProvider; #activateProvider; deactivateProvider; #deactivateProvider; getStreamerBotSubscriptions; updateStreamerBotSubscriptions; #updateStreamerBotSubscriptions; getTtsSafety; updateTtsSafety; testVoice; #toDetail; #requireRecord; #requireStreamerBot; #failedValidation; #managementError"
"class","MusicCredentialReplacementUnavailableError","apps/server/src/modules/providers/provider-management-service.ts","720","NamedError","","code"
"interface","ProviderRegistrationRecord","apps/server/src/modules/providers/sqlite-provider-registration-repository.ts","17","","","provider; configuration; availableVoices; secretRef; ttsSafety; createdAt; updatedAt"
"interface","ProviderActivationRecordResult","apps/server/src/modules/providers/sqlite-provider-registration-repository.ts","27","","","provider; replacedProviderId"
"interface","ProviderRegistrationRow","apps/server/src/modules/providers/sqlite-provider-registration-repository.ts","32","","","id; name; kind; capability; non_secret_config_json; secret_ref_json; active; connection_state; intake_state; validated_at; error_json; available_voices_json; tts_safety_json; created_at; updated_at"
"class","SqliteProviderRegistrationRepository","apps/server/src/modules/providers/sqlite-provider-registration-repository.ts","56","","","#connection; #now; save; delete; findById; list; findActive; activate; deactivateMusic; updateTtsSafety; #findByIdSync"
"interface","EffectAdmissionOutcome","apps/server/src/modules/screen-effects/effect-admission-service.ts","29","","","effectId; status; occurrenceId"
"interface","EffectAdmissionServiceOptions","apps/server/src/modules/screen-effects/effect-admission-service.ts","45","","","localMediaService; repository; queue; dedupe; cooldowns; getModuleCooldownSeconds; generateOccurrenceId; random; now; validateReferences; validateOutputAvailability; isModuleEnabled; isEffectLive; onOutcome; assetDurationCatalog"
"interface","MatchedEffect","apps/server/src/modules/screen-effects/effect-admission-service.ts","63","","","document; trigger"
"class","EffectRecentOccurrenceNotFoundError","apps/server/src/modules/screen-effects/effect-admission-service.ts","74","Error","",""
"class","EffectVariantNotFoundError","apps/server/src/modules/screen-effects/effect-admission-service.ts","81","Error","",""
"class","EffectAdmissionService","apps/server/src/modules/screen-effects/effect-admission-service.ts","88","","","#isEffectLive; #repository; #queue; #dedupe; #cooldowns; #getModuleCooldownSeconds; #generateOccurrenceId; #random; #now; #validateReferences; #validateOutputAvailability; #isModuleEnabled; #onOutcome; #assetDurationCatalog; #admissionTail; #nextSequence; #localMediaService; handleTriggers; testEffect; testEffectVariant; replayRecent; #enqueueExplicit; #enqueueCaptured; #admitMatches; #resolveContentDuration; #createOccurrence; #report"
"class","EffectDefinitionNotFoundError","apps/server/src/modules/screen-effects/effect-errors.ts","2","Error","",""
"class","EffectReferenceUnavailableError","apps/server/src/modules/screen-effects/effect-errors.ts","11","NamedError","","code"
"class","EffectDefinitionConflictError","apps/server/src/modules/screen-effects/effect-management-service.ts","16","Error","",""
"class","EffectLiveImpactConfirmationRequiredError","apps/server/src/modules/screen-effects/effect-management-service.ts","23","Error","",""
"class","EffectBindingUnavailableError","apps/server/src/modules/screen-effects/effect-management-service.ts","30","Error","",""
"class","EffectTestDisabledError","apps/server/src/modules/screen-effects/effect-management-service.ts","37","Error","",""
"class","EffectTestVariantUnavailableError","apps/server/src/modules/screen-effects/effect-management-service.ts","44","Error","",""
"interface","EffectManagementServiceOptions","apps/server/src/modules/screen-effects/effect-management-service.ts","51","","","sets; isInActiveSet; repository; testEffectVariant; isTwitchRewardAvailable; isStreamerBotSelectionConfigured; runMutation"
"class","EffectManagementService","apps/server/src/modules/screen-effects/effect-management-service.ts","65","","","#sets; #isInActiveSet; #repository; #testEffectVariant; #isTwitchRewardAvailable; #isStreamerBotSelectionConfigured; #runMutation; #mutationTail; list; get; create; update; remove; listSets; createSet; renameSet; activateSet; removeSet; #requireSets; test; #validateBindings; #runSerializedMutation"
"interface","EffectPlaybackAudioOutputService","apps/server/src/modules/screen-effects/effect-playback-coordinator.ts","19","","","preparePlayback"
"interface","EffectPlaybackCoordinatorOptions","apps/server/src/modules/screen-effects/effect-playback-coordinator.ts","28","","","localMediaService; queue; getSafety; overlayPlaybackSink; desktopVisualSink; audioOutputService; audioPlaybackSink; isModuleEnabled; validateReferences; validateOutputAvailability; onWatchdogExpired; onStopFailure; onPlaybackFailure; now"
"interface","BrowserObligation","apps/server/src/modules/screen-effects/effect-playback-coordinator.ts","45","","","pendingClients"
"interface","ActivePlayback","apps/server/src/modules/screen-effects/effect-playback-coordinator.ts","49","","","occurrence; transportId; browserInstructions; browser; disconnectedClients; desktopPending; audioPending; hadRecipient; hadFailure; finished; stopping; preparing; preparationCancels; timer"
"class","EffectPlaybackCoordinator","apps/server/src/modules/screen-effects/effect-playback-coordinator.ts","73","","","#localMediaService; #onWatchdogExpired; #queue; #getSafety; #overlayPlaybackSink; #desktopVisualSink; #audioOutputService; #audioPlaybackSink; #isModuleEnabled; #validateReferences; #validateOutputAvailability; #onStopFailure; #onPlaybackFailure; #now; #active; #closed; #starting; #closePromise; getSnapshot; getModuleSnapshot; startNext; disable; reportInstructionFinished; reportClientDisconnected; skip; close; #start; #prepareAndStart; #prepareGroup; #prepareRecipient; #dispatchBrowser; #prepareAudio; #settleDesktop; #maybeComplete; #complete; #stopAndComplete; #isActive; #reportStopFailure; #reportPlaybackFailure; #scheduleNext; #scheduleTimer"
"interface","BrowserTarget","apps/server/src/modules/screen-effects/effect-playback-coordinator.ts","519","","","scope; targetProfileId"
"interface","EffectPlaybackEligibilityServiceOptions","apps/server/src/modules/screen-effects/effect-playback-eligibility-service.ts","9","","","assets; routes; outputs"
"class","EffectPlaybackEligibilityService","apps/server/src/modules/screen-effects/effect-playback-eligibility-service.ts","18","","","referencesExist; hasAvailableOutput"
"interface","StreamerBotEffectTriggerContext","apps/server/src/modules/screen-effects/effect-trigger-adapter.ts","11","","","providerId; twitchBroadcasterId; externalSubscriptions"
"interface","EffectTriggerSink","apps/server/src/modules/screen-effects/effect-trigger-adapter.ts","17","","","handleTriggers"
"interface","EffectModuleSettings","apps/server/src/modules/screen-effects/sqlite-effect-module-settings-repository.ts","4","","","paused; cooldownSeconds"
"interface","EffectModuleSettingsRow","apps/server/src/modules/screen-effects/sqlite-effect-module-settings-repository.ts","11","","","paused; cooldown_seconds"
"class","SqliteEffectModuleSettingsRepository","apps/server/src/modules/screen-effects/sqlite-effect-module-settings-repository.ts","16","","","#connection; #now; #moduleId; get; save"
"interface","EffectRow","apps/server/src/modules/screen-effects/sqlite-effect-repository.ts","14","","","id; schema_version; name; enabled; description; category; priority; cooldown_seconds"
"class","SqliteEffectRepository","apps/server/src/modules/screen-effects/sqlite-effect-repository.ts","29","","ScreenEffectRepository","#connection; #now; list; listActive; isInActiveSet; find; findSync; save; saveSync; remove; #read; #validateReferences"
"class","SqliteEffectSetRepository","apps/server/src/modules/screen-effects/sqlite-effect-set-repository.ts","10","","ScreenEffectSetRepository","list; create; rename; activate; remove; createEffect; assign; read; assertUnique"
"interface","DevSecretStoreOptions","apps/server/src/modules/security/dev-secret-store.ts","5","","","mode"
"class","DevSecretStore","apps/server/src/modules/security/dev-secret-store.ts","10","","SecretStore","#secrets; setSecret; getSecret; deleteSecret"
"class","KeyringCredentialAdapter","apps/server/src/modules/security/keyring-credential-adapter.ts","5","","OsCredentialAdapter","setPassword; getPassword; deletePassword"
"interface","OsCredentialAdapter","apps/server/src/modules/security/os-secret-store.ts","3","","","setPassword; getPassword; deletePassword"
"interface","OsSecretStoreOptions","apps/server/src/modules/security/os-secret-store.ts","9","","","credentials; servicePrefix"
"class","OsSecretStore","apps/server/src/modules/security/os-secret-store.ts","15","","SecretStore","#credentials; #servicePrefix; setSecret; getSecret; deleteSecret; #serviceName"
"interface","RedactorOptions","apps/server/src/modules/security/redactor.ts","51","","","replacement; secretNames"
"interface","RuntimeSecretStoreStatus","apps/server/src/modules/security/runtime-secret-store.ts","9","","","state; lastErrorAt; message"
"interface","RuntimeSecretStoreOptions","apps/server/src/modules/security/runtime-secret-store.ts","15","","","secretStore; credentials; now; generateHealthCheckValue"
"interface","RuntimeSecretStoreSelection","apps/server/src/modules/security/runtime-secret-store.ts","22","","","secretStore; status; assertAvailable"
"class","SecretStoreUnavailableError","apps/server/src/modules/security/runtime-secret-store.ts","83","Error","","code"
"interface","PathOpenerProcess","apps/server/src/modules/settings/local-maintenance-service.ts","5","","","once; once; unref"
"interface","PlatformPathOpener","apps/server/src/modules/settings/local-maintenance-service.ts","17","","","open"
"interface","LocalMaintenanceServiceOptions","apps/server/src/modules/settings/local-maintenance-service.ts","21","","","dataDirectory; logDirectory; logSettings; logRetentionService; diagnosticsLogRepository; pathOpener; now"
"class","LocalMaintenanceService","apps/server/src/modules/settings/local-maintenance-service.ts","32","","","#options; #now; openDataFolder; clearOldLogs"
"interface","StreamerBotConnectionInput","apps/server/src/modules/streamerbot/streamerbot-client.ts","8","","","protocol; host; port; endpoint; allowUnauthenticatedLocalConnection; password"
"interface","StreamerBotEventEnvelope","apps/server/src/modules/streamerbot/streamerbot-client.ts","17","","","id; timeStamp; event; data"
"interface","StreamerBotClientStatus","apps/server/src/modules/streamerbot/streamerbot-client.ts","27","","","state; url; message; connectedAt; lastMessageAt; lastErrorAt; instance; subscriptionSourceKeys; pendingRequestCount; referenceId"
"interface","StreamerBotClientDiagnostic","apps/server/src/modules/streamerbot/streamerbot-client.ts","40","","","level; message; referenceId; exception"
"interface","StreamerBotSocket","apps/server/src/modules/streamerbot/streamerbot-client.ts","47","","","addEventListener; addEventListener; addEventListener; addEventListener; send; close"
"interface","StreamerBotClientOptions","apps/server/src/modules/streamerbot/streamerbot-client.ts","59","","","socketFactory; onEvent; now; schedule; cancelScheduled; requestIdGenerator; requestTimeoutMs; backoffMs; generateReferenceId; onDiagnostic"
"interface","PendingRequest","apps/server/src/modules/streamerbot/streamerbot-client.ts","72","","","request; timeoutHandle; resolve; reject; validate"
"interface","HelloMessage","apps/server/src/modules/streamerbot/streamerbot-client.ts","80","","","info; authentication"
"class","StreamerBotProtocolError","apps/server/src/modules/streamerbot/streamerbot-client.ts","88","Error","","code"
"class","StreamerBotAuthenticationError","apps/server/src/modules/streamerbot/streamerbot-client.ts","97","Error","","code"
"class","StreamerBotConnectionError","apps/server/src/modules/streamerbot/streamerbot-client.ts","106","Error","","code"
"class","StreamerBotClient","apps/server/src/modules/streamerbot/streamerbot-client.ts","115","","","#socketFactory; #onEvent; #now; #schedule; #cancelScheduled; #requestIdGenerator; #requestTimeoutMs; #backoffMs; #generateReferenceId; #onDiagnostic; #pending; #subscriptions; #connection; #reconnectAttempt; #socket; #status; #stopped; #handshake; connect; disconnect; getStatus; getInfo; getEvents; subscribe; unsubscribe; #openSocket; #handleSocketMessage; #handleHello; #failHandshake; #handleResponse; #handleEventEnvelope; #handleSocketClose; #handleSocketError; #markConnected; #resubscribeStoredSelections; #sendRequest; #resolvePending; #rejectPending; #rejectAllPending; #addSubscriptions; #removeSubscriptions; #storedSubscriptionSelections; #nextBackoffDelay; #setDegraded; #setError; #recordIssue; #syncSafeStatus; #updateStatus"
"class","StreamerBotEventNormalizationError","apps/server/src/modules/streamerbot/streamerbot-event-normalizer.ts","31","Error","","code"
"class","StreamerBotRuntimeError","apps/server/src/modules/streamerbot/streamerbot-runtime-error.ts","12","NamedError","",""
"interface","StreamerBotRuntimeClient","apps/server/src/modules/streamerbot/streamerbot-runtime-service.ts","35","","","connect; disconnect; getStatus; getEvents; subscribe; unsubscribe"
"interface","StreamerBotRuntimeDiagnostic","apps/server/src/modules/streamerbot/streamerbot-runtime-service.ts","44","","","level; message; referenceId; source; type; exception"
"interface","StreamerBotRuntimeStatus","apps/server/src/modules/streamerbot/streamerbot-runtime-service.ts","53","","","state; connectionState; activeProviderId; connectedAt; lastMessageAt; lastErrorAt; subscriptionSourceKeys; subscribedEventTypes; missingEventTypes; message; referenceId"
"interface","StreamerBotRuntimeServiceOptions","apps/server/src/modules/streamerbot/streamerbot-runtime-service.ts","67","","","repository; secretStore; createClient; ingestionService; generateReferenceId; onDiagnostic; now; sleep; connectionTimeoutMs; pollIntervalMs"
"interface","RuntimeIssue","apps/server/src/modules/streamerbot/streamerbot-runtime-service.ts","95","","","state; message; occurredAt; referenceId"
"class","StreamerBotRuntimeUnavailableError","apps/server/src/modules/streamerbot/streamerbot-runtime-service.ts","102","Error","","code"
"class","StreamerBotRuntimeService","apps/server/src/modules/streamerbot/streamerbot-runtime-service.ts","111","","","#repository; #secretStore; #client; #ingestionService; #generateReferenceId; #onDiagnostic; #now; #sleep; #connectionTimeoutMs; #pollIntervalMs; #activeProviderId; #subscribedEventTypes; #missingEventTypes; #issue; #ingestionIssue; #externalSubscriptions; #twitchBroadcasterId; #requiredSubscriptions; syncActiveRegistration; disconnect; getStatus; getCatalog; replaceExternalSubscriptions; #applyExternalSubscriptions; #assertActiveProvider; #connectionInput; #waitForConnection; #subscribeSupportedEvents; #handleEvent; #recordIssue; #adoptIssue; #createIssue; #emitDiagnostic"
"interface","TimerRow","apps/server/src/modules/timers/sqlite-timer-definition-repository.ts","10","Record<string, unknown>","","id; label; duration_ms; icon_asset_id; start_audio_asset_id; end_audio_asset_id; browser_source; created_at; updated_at"
"class","TimerDefinitionReferenceError","apps/server/src/modules/timers/sqlite-timer-definition-repository.ts","22","Error","",""
"class","SqliteTimerDefinitionRepository","apps/server/src/modules/timers/sqlite-timer-definition-repository.ts","34","","TimerDefinitionRepository","list; findById; save; delete; findByAssetId; findByAudioRouteId; #read; #validateReferences"
"interface","TimerRunRepository","apps/server/src/modules/timers/sqlite-timer-run-repository.ts","5","","","list; replace"
"class","SqliteTimerRunRepository","apps/server/src/modules/timers/sqlite-timer-run-repository.ts","9","","TimerRunRepository","list; replace"
"interface","TimerAutomationCredentialView","apps/server/src/modules/timers/timer-automation-credential-service.ts","5","","","configured; createdAt; rotatedAt"
"interface","TimerAutomationCredentialIssue","apps/server/src/modules/timers/timer-automation-credential-service.ts","11","TimerAutomationCredentialView","","token"
"interface","TimerAutomationCredentialServiceOptions","apps/server/src/modules/timers/timer-automation-credential-service.ts","15","","","connection; now; generateToken"
"interface","CredentialRow","apps/server/src/modules/timers/timer-automation-credential-service.ts","21","Record<string, unknown>","","verifier; created_at; rotated_at; revoked_at"
"class","TimerAutomationCredentialService","apps/server/src/modules/timers/timer-automation-credential-service.ts","31","","","#connection; #now; #generateToken; status; createOrRotate; revoke; verify; #read"
"interface","TimerBrowserCueSink","apps/server/src/modules/timers/timer-cue-service.ts","12","","","play; stop"
"interface","TimerCueServiceOptions","apps/server/src/modules/timers/timer-cue-service.ts","19","","","localMediaService; assets; browser; audioOutputService; audioPlaybackSink; logger; generateReferenceId"
"class","TimerCueService","apps/server/src/modules/timers/timer-cue-service.ts","29","","TimerCueSink","#lifetimes; #pending; play; #play; #releaseLifetime; stop; close; #playDevices; #diagnose"
"class","TimerEventService","apps/server/src/modules/timers/timer-event-service.ts","4","","","handleEvent"
"interface","TimerActivityProbe","apps/server/src/modules/timers/timer-management-service.ts","11","","","isActive"
"interface","TimerManagementServiceOptions","apps/server/src/modules/timers/timer-management-service.ts","15","","","repository; activity; generateId; now"
"class","TimerDefinitionNotFoundError","apps/server/src/modules/timers/timer-management-service.ts","22","Error","",""
"class","ActiveTimerDefinitionError","apps/server/src/modules/timers/timer-management-service.ts","29","Error","",""
"class","TimerManagementService","apps/server/src/modules/timers/timer-management-service.ts","36","","","#repository; #activity; #generateId; #now; listDefinitions; getDefinition; createDefinition; updateDefinition; deleteDefinition"
"class","TimerGenerationConflictError","apps/server/src/modules/timers/timer-runtime-coordinator.ts","24","Error","",""
"interface","TimerClock","apps/server/src/modules/timers/timer-runtime-coordinator.ts","28","","","now"
"interface","TimerScheduler","apps/server/src/modules/timers/timer-runtime-coordinator.ts","30","","","schedule"
"interface","TimerCueSink","apps/server/src/modules/timers/timer-runtime-coordinator.ts","34","","","close; play; stop"
"interface","TimerRuntimeCoordinatorOptions","apps/server/src/modules/timers/timer-runtime-coordinator.ts","40","","","recovery; onRecoveryError; localMediaService; definitions; config; clock; scheduler; cueSink; generateGeneration; assertCommandAvailable"
"interface","RuntimeEntry","apps/server/src/modules/timers/timer-runtime-coordinator.ts","53","","","iconAvailable; state; scheduled"
"class","TimerRuntimeCoordinator","apps/server/src/modules/timers/timer-runtime-coordinator.ts","59","","TimerActivityProbe; OverlayModuleRuntime","#recovery; #onRecoveryError; #checkpoint; #recoveryDirty; #media; #entries; #listeners; #definitions; #config; #clock; #scheduler; #cueSink; #generateGeneration; #assertCommandAvailable; #nextGeneration; #revision; #closed; isActive; listStates; getState; restore; activate; reset; stopActive; adjustActive; togglePaused; #guardActive; #resolveDeadline; adjust; start; pause; #pause; resume; #resume; stop; restart; subscribe; getModuleSnapshot; close; #startFresh; #scheduleDeadline; #complete; #publish; #saveRecovery; #persistRecovery; #needsCheckpoint; #scheduleCheckpoint; #result; #settleCuePlay; #settleCueStop; #assertOpen"
"class","BrowserSpeechTtsProvider","apps/server/src/modules/tts/browser-speech-tts-provider.ts","3","","TtsProvider","id; label; capabilities; listVoices; createPlaybackInstruction"
"interface","SpeakerBotConnectionInput","apps/server/src/modules/tts/speakerbot-client.ts","7","","","protocol; host; port; endpoint"
"interface","SpeakerBotSpeakInput","apps/server/src/modules/tts/speakerbot-client.ts","14","","","voice; message; badWordFilter"
"interface","SpeakerBotClientOptions","apps/server/src/modules/tts/speakerbot-client.ts","20","","","socketFactory; generateRequestId; timeoutMs"
"class","SpeakerBotClient","apps/server/src/modules/tts/speakerbot-client.ts","26","","","#socketFactory; #generateRequestId; #timeoutMs; validateConnection; speak; #request"
"interface","SpeakerBotTtsProviderOptions","apps/server/src/modules/tts/speakerbot-tts-provider.ts","14","","","client; resolveActiveProvider"
"class","SpeakerBotTtsProvider","apps/server/src/modules/tts/speakerbot-tts-provider.ts","19","","TtsProvider","id; label; capabilities; #client; #resolveActiveProvider; listVoices; createPlaybackInstruction"
"class","StaticTtsProviderRegistry","apps/server/src/modules/tts/tts-provider-registry.ts","5","","TtsProviderRegistry","#providers; listProviders; getProvider"
"interface","TwitchAccountRow","apps/server/src/modules/twitch/sqlite-twitch-account-repository.ts","5","","","account_id; login; display_name; scopes_json; connected_at; updated_at"
"class","SqliteTwitchAccountRepository","apps/server/src/modules/twitch/sqlite-twitch-account-repository.ts","14","","TwitchAccountRepository","#connection; saveAccount; findConnectedAccount; deleteAccount"
"interface","TwitchAccount","apps/server/src/modules/twitch/twitch-account-repository.ts","1","","","accountId; login; displayName; scopes; connectedAt; updatedAt"
"interface","TwitchConnectedAccountView","apps/server/src/modules/twitch/twitch-account-repository.ts","10","","","accountId; login; displayName; scopes; connectedAt; updatedAt"
"interface","TwitchAccountRepository","apps/server/src/modules/twitch/twitch-account-repository.ts","35","","","saveAccount; findConnectedAccount; deleteAccount"
"interface","TwitchDeviceAuthorizationRequest","apps/server/src/modules/twitch/twitch-api-client.ts","6","","","clientId; scopes"
"interface","TwitchDeviceAuthorization","apps/server/src/modules/twitch/twitch-api-client.ts","11","","","deviceCode; userCode; verificationUri; expiresIn; interval"
"interface","TwitchDeviceTokenRequest","apps/server/src/modules/twitch/twitch-api-client.ts","19","TwitchDeviceAuthorizationRequest","","deviceCode"
"interface","TwitchRefreshTokenRequest","apps/server/src/modules/twitch/twitch-api-client.ts","29","","","clientId; refreshToken"
"interface","TwitchTokenGrant","apps/server/src/modules/twitch/twitch-api-client.ts","34","","","accessToken; refreshToken; expiresIn; scopes; tokenType"
"interface","TwitchValidateTokenRequest","apps/server/src/modules/twitch/twitch-api-client.ts","42","","","accessToken"
"interface","TwitchValidatedToken","apps/server/src/modules/twitch/twitch-api-client.ts","46","","","clientId; login; scopes; userId; expiresIn"
"interface","TwitchCurrentUserRequest","apps/server/src/modules/twitch/twitch-api-client.ts","54","","","accessToken; clientId"
"interface","TwitchCurrentUser","apps/server/src/modules/twitch/twitch-api-client.ts","59","","","id; login; displayName"
"interface","TwitchApiClient","apps/server/src/modules/twitch/twitch-api-client.ts","65","","","startDeviceAuthorization; pollDeviceAuthorization; refreshUserToken; validateToken; getCurrentUser"
"interface","TwitchCustomRewardsRequest","apps/server/src/modules/twitch/twitch-api-client.ts","73","","","accessToken; clientId; broadcasterId"
"interface","TwitchRewardApiClient","apps/server/src/modules/twitch/twitch-api-client.ts","79","","","getCustomRewards"
"interface","TwitchApiClientOptions","apps/server/src/modules/twitch/twitch-api-client.ts","83","","","fetch; authBaseUrl; apiBaseUrl"
"class","TwitchApiHttpError","apps/server/src/modules/twitch/twitch-api-client.ts","89","Error","","code"
"class","TwitchApiResponseError","apps/server/src/modules/twitch/twitch-api-client.ts","98","Error","","code"
"class","TwitchApiTransportError","apps/server/src/modules/twitch/twitch-api-client.ts","107","Error","","code"
"class","DefaultTwitchApiClient","apps/server/src/modules/twitch/twitch-api-client.ts","116","","TwitchApiClient; TwitchRewardApiClient","#fetch; #authBaseUrl; #apiBaseUrl; startDeviceAuthorization; pollDeviceAuthorization; refreshUserToken; validateToken; getCurrentUser; getCustomRewards; #requestToken; #requestJson"
"interface","TwitchEventSubNotificationMessage","apps/server/src/modules/twitch/twitch-event-normalizer.ts","46","","","metadata; payload"
"class","TwitchEventNormalizationError","apps/server/src/modules/twitch/twitch-event-normalizer.ts","65","Error","","code"
"interface","TwitchEventSubStatus","apps/server/src/modules/twitch/twitch-eventsub-client.ts","6","","","state; sessionId; message; connectedAt; lastMessageAt; lastErrorAt; subscriptionTypes; referenceId"
"interface","TwitchEventSubDiagnostic","apps/server/src/modules/twitch/twitch-eventsub-client.ts","17","","","message; referenceId; exception"
"interface","TwitchEventSubSubscriptionRequest","apps/server/src/modules/twitch/twitch-eventsub-client.ts","23","","","type; version; condition; transport"
"interface","TwitchEventSubCreateSubscriptionInput","apps/server/src/modules/twitch/twitch-eventsub-client.ts","33","","","accessToken; clientId; subscription"
"interface","TwitchEventSubCreateSubscriptionResult","apps/server/src/modules/twitch/twitch-eventsub-client.ts","39","","","id; status; type"
"interface","TwitchEventSubApiClient","apps/server/src/modules/twitch/twitch-eventsub-client.ts","45","","","createSubscription"
"interface","TwitchEventSubApiClientOptions","apps/server/src/modules/twitch/twitch-eventsub-client.ts","49","","","fetch; apiBaseUrl"
"interface","TwitchEventSubConnectionInput","apps/server/src/modules/twitch/twitch-eventsub-client.ts","54","","","account; accessToken; clientId"
"interface","TwitchEventSubSocket","apps/server/src/modules/twitch/twitch-eventsub-client.ts","60","","","addEventListener; addEventListener; addEventListener; addEventListener; close"
"interface","TwitchEventSubClientOptions","apps/server/src/modules/twitch/twitch-eventsub-client.ts","68","","","apiClient; socketFactory; onNotification; baseUrl; now; schedule; backoffMs; generateReferenceId; onDiagnostic; onAuthorizationFailure; scheduleWatchdog; cancelWatchdog"
"interface","TwitchSessionMessage","apps/server/src/modules/twitch/twitch-eventsub-client.ts","83","","","metadata; payload"
"interface","PersistentFailure","apps/server/src/modules/twitch/twitch-eventsub-client.ts","107","","","message; occurredAt; referenceId"
"class","TwitchEventSubApiError","apps/server/src/modules/twitch/twitch-eventsub-client.ts","113","Error","","code"
"class","TwitchEventSubResponseError","apps/server/src/modules/twitch/twitch-eventsub-client.ts","122","Error","","code"
"class","DefaultTwitchEventSubApiClient","apps/server/src/modules/twitch/twitch-eventsub-client.ts","131","","TwitchEventSubApiClient","#fetch; #apiBaseUrl; createSubscription"
"class","TwitchEventSubClient","apps/server/src/modules/twitch/twitch-eventsub-client.ts","172","","","#apiClient; #socketFactory; #onNotification; #baseUrl; #now; #schedule; #backoffMs; #generateReferenceId; #onDiagnostic; #onAuthorizationFailure; #scheduleWatchdog; #cancelWatchdog; #connection; #connectionGeneration; #reconnectAttempt; #socket; #messageQueue; #status; #recoverableFailureReferenceId; #persistentFailure; #stopped; #watchdogHandle; #watchdogDelayMs; connect; disconnect; getStatus; #openSocket; #handleMessage; #handleWelcome; #retrySubscriptionSetup; #detachSocket; #handleReconnect; #handleClose; #scheduleReconnect; #startWatchdog; #resetWatchdog; #clearWatchdog; #isCurrentConnection; #recordFailure; #recordPersistentFailure; #recordIssue; #recordHealthyMessage; #restorePersistentFailure"
"interface","TwitchEventSubRuntimeStatus","apps/server/src/modules/twitch/twitch-eventsub-runtime-service.ts","25","","","state; connectionState; sessionId; connectedAt; lastMessageAt; subscriptionTypes; acceptedCount; duplicateCount; rejectedCount; lastEventAt; lastErrorAt; message; referenceId"
"interface","TwitchEventSubRuntimeDiagnostic","apps/server/src/modules/twitch/twitch-eventsub-runtime-service.ts","41","","","message; referenceId; exception"
"interface","TwitchEventSubRuntimeServiceOptions","apps/server/src/modules/twitch/twitch-eventsub-runtime-service.ts","47","","","accountRepository; clientId; eventSubClient; ingestionService; now; secretStore; generateReferenceId; onDiagnostic; validateConnectedAccount"
"interface","RuntimeSyncError","apps/server/src/modules/twitch/twitch-eventsub-runtime-service.ts","59","","","message; occurredAt; referenceId"
"class","TwitchEventSubRuntimeService","apps/server/src/modules/twitch/twitch-eventsub-runtime-service.ts","65","","","#accountRepository; #clientId; #eventSubClient; #ingestionService; #now; #secretStore; #generateReferenceId; #onDiagnostic; #validateConnectedAccount; #runtimeError; connectStoredAccount; disconnect; reportAuthorizationFailure; getStatus; #recordRuntimeError"
"interface","TwitchConnectionStartResult","apps/server/src/modules/twitch/twitch-oauth-service.ts","31","","","authorizationId; verificationUri; userCode; expiresAt; intervalSeconds; scopes"
"interface","TwitchConnectionPollInput","apps/server/src/modules/twitch/twitch-oauth-service.ts","40","","","authorizationId"
"interface","TwitchOAuthServiceOptions","apps/server/src/modules/twitch/twitch-oauth-service.ts","53","","","apiClient; clientId; assertSecretStoreAvailable; generateAuthorizationId; now; onConnectionChanged; repository; scopes; secretStore"
"interface","PendingDeviceAuthorization","apps/server/src/modules/twitch/twitch-oauth-service.ts","65","","","deviceCode; scopes; expiresAtMs; intervalMs; nextPollAtMs"
"class","TwitchOAuthAuthorizationError","apps/server/src/modules/twitch/twitch-oauth-service.ts","73","Error","","code"
"class","TwitchOAuthProviderError","apps/server/src/modules/twitch/twitch-oauth-service.ts","82","Error","","code"
"class","TwitchOAuthService","apps/server/src/modules/twitch/twitch-oauth-service.ts","91","","","#apiClient; #assertSecretStoreAvailable; #clientId; #generateAuthorizationId; #now; #onConnectionChanged; #pendingAuthorizations; #repository; #scopes; #secretStore; getStatus; createConnectionStart; pollConnection; validateConnectedAccount; refreshConnectedAccount; disconnect; #assertConfigured; #pruneExpiredAuthorizations; #storeTokenGrant; #notifyConnectionChanged; #connectionStatus; #writeSecret; #readSecret; #deleteSecret; #restoreSecret"
"class","TwitchRewardCatalogError","apps/server/src/modules/twitch/twitch-reward-catalog-service.ts","19","Error","",""
"interface","TwitchRewardCatalogServiceOptions","apps/server/src/modules/twitch/twitch-reward-catalog-service.ts","29","","","apiClient; clientId; oauthService; repository; secretStore"
"class","TwitchRewardCatalogService","apps/server/src/modules/twitch/twitch-reward-catalog-service.ts","37","","","#apiClient; #clientId; #oauthService; #repository; #secretStore; listCustomRewards; #readCatalogRequest"
"interface","EventSourceRuntimeCoordinatorOptions","apps/server/src/runtime/event-source-runtime-coordinator.ts","3","","","repository; twitchRuntime; streamerBotRuntime"
"interface","FatalProcessAdapter","apps/server/src/runtime/fatal-process-errors.ts","5","","","exitCode; on; off; exit"
"interface","FatalProcessErrorOptions","apps/server/src/runtime/fatal-process-errors.ts","12","","","process; emergencyWriter; generateReferenceId; now"
"interface","RuntimeAppCompositionOptions","apps/server/src/runtime/runtime-composition.ts","193","","","audioDeviceHost; audioPlaybackSink; desktopAudioTransport; desktopOverlayTransport; desktopHost; homeDirectory; webBuildDirectory; environment; credentialAdapter; configStore; portAvailability; secretStore; musicArtworkNetwork; twitchApiClient; twitchRewardApiClient; twitchEventSubApiClient; twitchEventSubSocketFactory; streamerBotSocketFactory; speakerBotSocketFactory; now; generateManagementSessionId; generateManagementCsrfToken; generateOverlayAccessKeyId; generateRawOverlayRouteKey; generateOverlayClientId; scheduleRecurring; cancelRecurring"
"interface","RuntimeAppComposition","apps/server/src/runtime/runtime-composition.ts","227","","","localMediaService; desktopConfigService; playbackCoordinator; effectPlaybackCoordinator; timerManagementService; timerRuntimeCoordinator; musicRuntimeCoordinator; musicArtworkService; playbackOperationsService; app; configStore; database; managementSessionService; overlayAccessService; runtimeSecretStoreStatus; twitchEventSubRuntimeService; streamerBotRuntimeService; eventIngestionService; recordDesktopDiagnostic; syncEventSourceRuntime; close"
"interface","RuntimeDesktopDiagnostic","apps/server/src/runtime/runtime-composition.ts","251","","","referenceId; component; source; message; exception; reason; exitCode; occurredAt"
"interface","NodeWebSocketConstructor","apps/server/src/runtime/runtime-composition.ts","1850","","",""
"interface","NodeProviderWebSocketConstructor","apps/server/src/runtime/runtime-composition.ts","1854","","",""
"interface","StartedLocalRuntime","apps/server/src/runtime/start-local-runtime.ts","7","","","composition; url; close"
"class","LocalRuntimeStartupError","apps/server/src/runtime/start-local-runtime.ts","13","Error","",""
"interface","TrackedRuntimeTaskInput","apps/server/src/runtime/tracked-runtime-task.ts","3","","","work; logger; context; message; onFinally"
"interface","PortAvailabilityChecker","apps/server/src/server/port-availability.ts","3","","","isPortAvailable"
"interface","SuggestedPortOptions","apps/server/src/server/port-availability.ts","7","","","host; preferredPort; count; maxPort; portAvailability"
"class","NodePortAvailabilityChecker","apps/server/src/server/port-availability.ts","30","","PortAvailabilityChecker","isPortAvailable"
"interface","LocalServerApp","apps/server/src/server/start-server.ts","4","","","listen"
"interface","StartServerOptions","apps/server/src/server/start-server.ts","8","","","configStore; createApp; suggestPorts"
"interface","StartedServerResult","apps/server/src/server/start-server.ts","14","","","status; host; port; url; app"
"interface","PortInUseStartupResult","apps/server/src/server/start-server.ts","22","","","status; error"
"class","StartupPortInUseError","apps/server/src/server/start-server.ts","30","NamedError","","code"
"interface","ProviderFixtureOptions","apps/server/src/test-support/provider-websocket-fixture.ts","5","","","kind; host; tls; expectedAuthentication; autoRespond; enforce"
"interface","OverlayGatewaySocket","apps/server/src/websocket/overlay-gateway.ts","13","","","send; close"
"interface","OverlayGatewayClient","apps/server/src/websocket/overlay-gateway.ts","20","","","id; overlayId; moduleId; purpose; scope; targetProfileId; connectedAt; lastSeenAt; userAgent"
"interface","OverlayGatewayClientMetadata","apps/server/src/websocket/overlay-gateway.ts","32","","","userAgent"
"interface","OverlayGatewayClientState","apps/server/src/websocket/overlay-gateway.ts","36","OverlayGatewayClient","","connectionState; disconnectedAt"
"interface","OverlayGatewayDeliveryResult","apps/server/src/websocket/overlay-gateway.ts","51","","","deliveredClientIds; skippedClientIds"
"interface","OverlayGatewayPlaybackReport","apps/server/src/websocket/overlay-gateway.ts","56","","","diagnostics; clientId; instructionId; status; message; referenceId; stage; exception; targetProfileId"
"interface","OverlayTransportDiagnostic","apps/server/src/websocket/overlay-gateway.ts","68","","","clientId; operation; exception; closeCode; closeReason; outcome"
"interface","OverlayGatewayDependencies","apps/server/src/websocket/overlay-gateway.ts","77","","","onTransportDiagnostic; overlayAccessService; generateClientId; clock; onClientDisconnected; onPlaybackReport; initialPlaybackMuted; initialModuleMutes"
"interface","RegisteredOverlayGatewayClient","apps/server/src/websocket/overlay-gateway.ts","88","OverlayGatewayClient","","socket; sanitize"
"interface","PlaybackPreparation","apps/server/src/websocket/overlay-gateway.ts","126","","","pending; eligible; expiry"
"class","OverlayGateway","apps/server/src/websocket/overlay-gateway.ts","132","","","#overlayAccessService; #generateClientId; #clock; #onClientDisconnected; #onPlaybackReport; #onTransportDiagnostic; #clients; #recentClientsByOutput; #preparations; #playbackMuted; #moduleMutes; #surfaceLayers; clients; clientStates; registerClient; unregisterClient; preparePlaybackInstruction; #send; #sendFailed; #cancelPreparation; deliverPlaybackInstruction; deliverComposition; setModuleMutes; setPlaybackMuted; setSurfaceLayers; stopPlaybackInstructions; handleClientMessage"
"interface","AppProps","apps/web/src/App.tsx","9","","","assetApi; managementApi; errorReporter"
"interface","DesktopOverlayBridge","apps/web/src/desktop-overlay/desktop-overlay-api.ts","3","","","onCommand; report"
"interface","Window","apps/web/src/desktop-overlay/desktop-overlay-api.ts","8","","","streamJamsOverlayHost"
"interface","DesktopOverlaySnapshot","apps/web/src/desktop-overlay/desktop-overlay-controller.ts","3","","","config; occurrences; modules"
"interface","DesktopOverlayControllerDependencies","apps/web/src/desktop-overlay/desktop-overlay-controller.ts","8","","","report; changed; prepareAsset; now"
"class","DesktopOverlayController","apps/web/src/desktop-overlay/desktop-overlay-controller.ts","38","","","#snapshot; #generation; #disposed; #records; #modules; #moduleLoads; #moduleRevisions; #recent; #now; getSnapshot; receive; fail; ready; complete; dispose; #prepare; #syncModule; #load; #prepared; #start; #finish; #release; #clear; #cancelModuleLoad; #releaseModuleLoad; #removeModule; #publish; #report"
"interface","AlertDefaultGroup","apps/web/src/management/alerts/alert-event-groups.ts","15","","","alert; variations"
"interface","AlertEventGroup","apps/web/src/management/alerts/alert-event-groups.ts","20","","","key; eventType; label; catalogGroup; known; defaults; orphanVariations; defaultCount; variationCount; enabledCount; status; statusByAlertId"
"interface","AlertInventorySummary","apps/web/src/management/alerts/alert-event-groups.ts","35","","","conditionSummaries; conditionDetails; prioritySummary; weightSummary"
"interface","AlertEventGroupFilters","apps/web/src/management/alerts/alert-event-groups.ts","42","","","query; eventType; status; profileId"
"interface","FilteredAlertEventGroup","apps/web/src/management/alerts/alert-event-groups.ts","49","AlertEventGroup","","matchingDefaultCount; matchingVariationCount"
"interface","FilteredAlertEventGroups","apps/web/src/management/alerts/alert-event-groups.ts","54","","","groups; forcedOpenKeys; matchingAlertCount; totalAlertCount; hasActiveFilters"
"interface","AlertSetsPageProps","apps/web/src/management/alerts/AlertSetsPage.tsx","64","","","initialSetId; managementApi; onEditAlert"
"interface","NameDialogState","apps/web/src/management/alerts/AlertSetsPage.tsx","72","","","action; set"
"interface","RegenerateDialogState","apps/web/src/management/alerts/AlertSetsPage.tsx","77","","","source; requiresTypedConfirmation"
"interface","AlertMutationDialogState","apps/web/src/management/alerts/AlertSetsPage.tsx","82","","","action; alert"
"interface","AlertThemeChooserProps","apps/web/src/management/alerts/AlertThemeChooser.tsx","12","","","disabled; eventType; onChange; value"
"interface","AlertThemePreviewProps","apps/web/src/management/alerts/AlertThemePreview.tsx","12","","","eventType; profileId; templateContext; themeId; themeLabel"
"interface","AlertPreviewState","apps/web/src/management/alerts/editor/alert-preview-controller.ts","10","","","active; playing; elapsedMs; durationMs; runId; media"
"interface","AlertPreviewStartInput","apps/web/src/management/alerts/editor/alert-preview-controller.ts","19","","","document; ttsTextByLayerId; includeAudio; includeTts"
"interface","AlertPreviewFailure","apps/web/src/management/alerts/editor/alert-preview-controller.ts","26","","","summary; cause; nextStep"
"interface","AlertPreviewController","apps/web/src/management/alerts/editor/alert-preview-controller.ts","32","","","getSnapshot; subscribe; start; play; pause; seek; stop; dispose"
"interface","AlertPreviewSpeech","apps/web/src/management/alerts/editor/alert-preview-controller.ts","45","","","available; cancel; speak"
"interface","AlertPreviewControllerOptions","apps/web/src/management/alerts/editor/alert-preview-controller.ts","51","","","assetApi; getVisualAssetMediaTypes; getAssetDurations; onError; preparationTimeoutMs; now; wallNow; requestFrame; cancelFrame; createAudio; createGainController; speech"
"interface","CanvasBackground","apps/web/src/management/alerts/editor/AlertCanvas.tsx","13","","","mode; color"
"interface","AlertCanvasProps","apps/web/src/management/alerts/editor/AlertCanvas.tsx","18","","","warpLayerId; onWarpChange; onWarpDone; assetApi; assetMediaTypes; background; document; fitRequestId; onGeometryChange; onSelectLayer; onViewStateChange; preview; previewMedia; assetRevision; previewElapsedMs; previewRunId; previewTextByLayerId; profileId; samplePayload; selectedLayerId; showGrid; snapToGrid; snapToAlignment; showSafeArea; viewState; zoom"
"interface","PointerOperation","apps/web/src/management/alerts/editor/AlertCanvas.tsx","48","","","layerId; pointerId; startClientX; startClientY; startGeometry; mode"
"interface","AlertEditorPageProps","apps/web/src/management/alerts/editor/AlertEditorPage.tsx","124","","","audioApi; alertId; assetApi; managementApi; onBack; onOpenAlert; targetProfileId"
"interface","LiveReadinessView","apps/web/src/management/alerts/editor/AlertEditorPage.tsx","137","","","action; actionLabel; message; profileId; ready"
"interface","AlertEventInspectorProps","apps/web/src/management/alerts/editor/AlertEventInspector.tsx","26","","","document; loadTwitchCustomRewards; overlapAlertNames; previewIncludeAudio; previewIncludeTts; sendIncludeAudio; sendIncludeTts; onChange; onDraftError; onPreviewIncludeAudio; onPreviewIncludeTts; onSendIncludeAudio; onSendIncludeTts; onPreview; onMovePriorityGroup; onMoveVariation; onResetSample; onSample; onSampleDraft; onUseRewardSample; onSend; sampleDraft; sampleError; sampleId; sampleRewardId; previewDisabled; priorityGroups; sendDisabled; selectionExplanationCorrection; variationContext; variationEvaluation"
"interface","CanvasViewState","apps/web/src/management/alerts/editor/editor-state.ts","18","","","zoom; scrollLeft; scrollTop"
"interface","AlertEditorSnapshot","apps/web/src/management/alerts/editor/editor-state.ts","24","","","document; priorityGroups"
"interface","AlertEditorState","apps/web/src/management/alerts/editor/editor-state.ts","29","","","document; savedDocument; priorityGroups; savedPriorityGroups; past; future; historyLimit"
"interface","SnapOptions","apps/web/src/management/alerts/editor/editor-state.ts","39","","","gridSize; threshold"
"interface","AddShapeLayerResult","apps/web/src/management/alerts/editor/editor-state.ts","44","","","document; layerId"
"interface","RgbaColorControlProps","apps/web/src/management/alerts/editor/RgbaColorControl.tsx","3","","","label; value; onChange"
"interface","UseAlertPreviewOptions","apps/web/src/management/alerts/editor/use-alert-preview.ts","10","","","assetApi; visualAssetMediaTypes; assetDurations; onError"
"interface","AlertPreviewView","apps/web/src/management/alerts/editor/use-alert-preview.ts","17","AlertPreviewState","","start; play; pause; seek; stop"
"interface","TargetDraft","apps/web/src/management/alerts/safety/AlertSafetyPage.tsx","18","","","maxLength; blockedTerms; stripUrls"
"interface","PolicyDraft","apps/web/src/management/alerts/safety/AlertSafetyPage.tsx","24","","","renderedText; ttsText"
"interface","AlertSafetyPageProps","apps/web/src/management/alerts/safety/AlertSafetyPage.tsx","31","","","managementApi"
"interface","TwitchRewardSampleChoice","apps/web/src/management/alerts/TwitchRewardPicker.tsx","10","","","rewardId; rewardTitle"
"interface","TwitchRewardPickerProps","apps/web/src/management/alerts/TwitchRewardPicker.tsx","15","","","selection; loadRewards; onChange; disabled; overlapAlertNames; sampleRewardId; onUseAsSample"
"interface","CatalogErrorPresentation","apps/web/src/management/alerts/TwitchRewardPicker.tsx","30","","","summary; nextStep; showEventSourcesLink; referenceId"
"interface","AssetApi","apps/web/src/management/assets/asset-api.ts","11","MediaPreviewApi","","listAssets; importAsset; getAssetFile; replaceAsset"
"interface","HttpAssetApiOptions","apps/web/src/management/assets/asset-api.ts","18","HttpManagementClientOptions","","client"
"interface","AssetManagerProps","apps/web/src/management/assets/AssetManager.tsx","33","","","assetApi; managementApi"
"interface","ReplacementState","apps/web/src/management/assets/AssetManager.tsx","38","","","item; file; impact"
"interface","AssetPickerProps","apps/web/src/management/assets/AssetPicker.tsx","11","","","assetApi; compatibleMediaTypes; managementApi; onCancel; onSelect; open; selectedAssetId"
"interface","MediaPreviewApi","apps/web/src/management/assets/media-preview-api.ts","4","","","createPreview; renewPreview; releasePreview"
"interface","MediaPreviewGroupState","apps/web/src/management/assets/media-preview-group.ts","5","","","descriptors; unavailable"
"interface","MediaPreviewState","apps/web/src/management/assets/owned-media-preview.ts","4","","","descriptor; unavailable"
"interface","OwnedMediaPreview","apps/web/src/management/assets/owned-media-preview.ts","5","","","getSnapshot; subscribe; dispose"
"interface","OwnedMediaPreviewOptions","apps/web/src/management/assets/owned-media-preview.ts","10","","","signal; now"
"interface","AudioRouteTestResult","apps/web/src/management/audio/audio-api.ts","28","","","routeId; muted"
"interface","AudioApi","apps/web/src/management/audio/audio-api.ts","33","","","getStatus; createRoute; updateRoute; deleteRoute; testRoute; retry"
"interface","RouteDraft","apps/web/src/management/audio/AudioOutputsPanel.tsx","29","","","id; savedName; savedDeviceId; savedAutoFollowDeviceName; name; deviceId; autoFollowDeviceName"
"interface","ConflictState","apps/web/src/management/audio/AudioOutputsPanel.tsx","39","","","kind; routeId; summary; nextStep; owners; references"
"interface","AudioOutputsPanelHandle","apps/web/src/management/audio/AudioOutputsPanel.tsx","48","","","save; discard"
"interface","AudioOutputsPanelProps","apps/web/src/management/audio/AudioOutputsPanel.tsx","53","","","audioApi; onDirtyChange; onSummaryChange"
"interface","AudioStatusState","apps/web/src/management/audio/use-audio-status.ts","7","","","status; loading; error; refresh"
"interface","DesktopBridge","apps/web/src/management/desktop/desktop-bridge.ts","2","","","onQuitRequested; resolveQuit"
"interface","Window","apps/web/src/management/desktop/desktop-bridge.ts","8","","","streamJamsDesktop"
"interface","ClientErrorReporter","apps/web/src/management/diagnostics/client-error-reporter.ts","9","","","report"
"interface","ClientErrorReporterOptions","apps/web/src/management/diagnostics/client-error-reporter.ts","13","","","client; consoleError"
"interface","ManagementGlobalErrorListenerOptions","apps/web/src/management/diagnostics/client-error-reporter.ts","18","","","target; reporter; generateReferenceId"
"interface","DiagnosticsPanelProps","apps/web/src/management/diagnostics/DiagnosticsPanel.tsx","18","","","initialReferenceId; managementApi"
"interface","InlineNotice","apps/web/src/management/diagnostics/DiagnosticsPanel.tsx","335","","","title; detail"
"interface","EditorRect","apps/web/src/management/editor/snapping.ts","1","","","x; y; width; height"
"interface","SnapGuide","apps/web/src/management/editor/snapping.ts","2","","","axis; position"
"interface","EditorSnapOptions","apps/web/src/management/editor/snapping.ts","3","","","mode; bounds; peers; grid; alignment; scale; minSize; gridSize; threshold"
"interface","ActionMenuItem","apps/web/src/management/foundation/ActionMenu.tsx","12","","","accessibleLabel; disabled; label; onSelect; tone"
"interface","ActionMenuProps","apps/web/src/management/foundation/ActionMenu.tsx","20","","","items; label; triggerClassName; triggerLabel"
"interface","DestructiveConfirmationDialogProps","apps/web/src/management/foundation/DestructiveConfirmationDialog.tsx","4","","","actionLabel; confirmText; consequences; onCancel; onConfirm; open; recovery; scope; title"
"interface","DirtyNavigationDialogProps","apps/web/src/management/foundation/DirtyNavigationDialog.tsx","4","","","error; onCancel; onDiscard; onSave; open; saveAvailable; saveLabel; summary; title"
"interface","ManagementErrorBoundaryProps","apps/web/src/management/foundation/ManagementErrorBoundary.tsx","4","","","children; reporter; generateReferenceId; resetKey; onReload"
"interface","ManagementErrorBoundaryState","apps/web/src/management/foundation/ManagementErrorBoundary.tsx","12","","","referenceId"
"interface","ManagementErrorFallbackProps","apps/web/src/management/foundation/ManagementErrorBoundary.tsx","16","","","referenceId; onReload"
"class","ManagementErrorBoundary","apps/web/src/management/foundation/ManagementErrorBoundary.tsx","40","Component<ManagementErrorBoundaryProps, ManagementErrorBoundaryState>","","state; componentDidCatch; componentDidUpdate; render"
"interface","ManagementToastNotice","apps/web/src/management/foundation/ManagementToast.tsx","7","","","tone; message; detail"
"interface","MaskedValueProps","apps/web/src/management/foundation/MaskedValue.tsx","4","","","label; value"
"interface","ModalSurfaceProps","apps/web/src/management/foundation/ModalSurface.tsx","12","","","children; labelledBy; onCancel; open; restoreFocusFallbackRef"
"interface","PageHeaderProps","apps/web/src/management/foundation/PageHeader.tsx","4","","","action; breadcrumbs; description; status; title"
"interface","HomePanelProps","apps/web/src/management/home/HomePanel.tsx","10","","","managementApi"
"interface","BackendErrorEnvelope","apps/web/src/management/http-errors.ts","1","","","error"
"interface","HttpErrorReference","apps/web/src/management/http-errors.ts","12","","","alertId; name"
"interface","HttpErrorOwner","apps/web/src/management/http-errors.ts","17","","","moduleId; ownerId; ownerName; variantId"
"interface","HttpErrorDetails","apps/web/src/management/http-errors.ts","24","","","message; code; referenceId; nextStep; owners; references"
"interface","ServerConfigView","apps/web/src/management/management-api.ts","79","","","host; port"
"interface","DesktopConfigView","apps/web/src/management/management-api.ts","84","","","available; closeToTray"
"interface","ModerationTargetSettingsView","apps/web/src/management/management-api.ts","89","","","maxLength; blockedTerms; stripUrls"
"interface","ModerationSettingsView","apps/web/src/management/management-api.ts","95","","","renderedText; ttsText"
"interface","ModerationPreviewInputView","apps/web/src/management/management-api.ts","107","","","target; text; settings"
"interface","ModerationPreviewResultView","apps/web/src/management/management-api.ts","113","","","target; settings; text; actions"
"interface","OverlayOutputUrl","apps/web/src/management/management-api.ts","120","","","id; label; purpose; scope; moduleId; targetProfileId; overlayId; enabled; keyId; url; copyableUrlStatus"
"interface","OverlayOutputKeyRequestView","apps/web/src/management/management-api.ts","134","","","overlayId; purpose; scope; moduleId; targetProfileId"
"interface","OverlayOutputKeyResultView","apps/web/src/management/management-api.ts","142","","","output; keyId; url"
"interface","DiagnosticsEventLogView","apps/web/src/management/management-api.ts","148","","","id; eventId; providerId; eventType; actorDisplayName; status; receivedAt; correlationId; processingId; errorMessage"
"interface","DiagnosticsAlertMatchLogView","apps/web/src/management/management-api.ts","161","","","id; sourceEventId; ruleId; variantId; matchedAt; correlationId; processingId"
"interface","DiagnosticsPlaybackLogView","apps/web/src/management/management-api.ts","171","","","id; queueItemId; sourceEventId; alertIds; status; occurredAt; correlationId; processingId; message"
"interface","DiagnosticsProviderErrorView","apps/web/src/management/management-api.ts","183","","","id; providerId; label; occurredAt; message; correlationId; processingId"
"interface","RuntimeLogMetadataView","apps/web/src/management/management-api.ts","193","","","logDirectory; level; rollover; retentionHours; fileCount; currentLogFile; oldestLogFile; newestLogFile"
"interface","DiagnosticsView","apps/web/src/management/management-api.ts","204","","","eventLogs; alertMatchLogs; playbackLogs; providerErrors; runtimeLogging"
"interface","DiagnosticsExportView","apps/web/src/management/management-api.ts","212","DiagnosticsView","","generatedAt; debugExport; rawEventLogs"
"interface","DiagnosticsDebugExportView","apps/web/src/management/management-api.ts","218","DiagnosticsView","","generatedAt; debugExport; rawEventLogs; runtimeLogEntries; runtimeLogTruncated"
"interface","DiagnosticsRequestView","apps/web/src/management/management-api.ts","226","","","limit"
"interface","DiagnosticsDebugExportRequestView","apps/web/src/management/management-api.ts","230","DiagnosticsRequestView","","runtimeLogLimit; sinceHours"
"interface","TwitchConnectedAccountView","apps/web/src/management/management-api.ts","235","","","accountId; login; displayName; scopes; connectedAt; updatedAt"
"interface","TwitchAuthStartResultView","apps/web/src/management/management-api.ts","248","","","authorizationId; verificationUri; userCode; expiresAt; intervalSeconds; scopes"
"interface","ManagementApi","apps/web/src/management/management-api.ts","262","MusicApi","","reportClientException; getHomeSetupSummary; getTwitchStatus; getTwitchCustomRewards; startTwitchAuth; pollTwitchAuth; listRegisteredProviders; validateProvider; registerProvider; getProvider; getStreamerBotSubscriptions; updateStreamerBotSubscriptions; activateProvider; deactivateProvider; getProviderActivationImpact; getTtsProviderSafetySettings; updateTtsSafety; testProviderVoice; listAlertSets; getAlertSet; createAlertSet; createAlert; createAlertVariation; duplicateManagedAlert; resetManagedAlert; deleteManagedAlert; renameAlertSet; duplicateAlertSet; getAlertSetActivationImpact; activateAlertSet; markStarterAlertSetReviewComplete; setManagedAlertEnabled; getOverlayModuleEnabled; setOverlayModuleEnabled; deleteAlertSet; getAlertEditorDocument; getAlertVariationAuthoringContext; saveAlertEditorDocument; sendAlertEditorTest; reportAlertEditorError; listAssetLibraryItems; updateAssetMetadata; getAssetChangeImpact; deleteAsset; repairAssetDuration; getDiagnosticsWorkspace; getConfigurationBackupSummary; exportConfigurationBackup; preflightConfigurationRestore; restoreConfiguration; openDataFolder; clearOldLogs; getServerConfig; getDesktopConfig; updateDesktopConfig; updateServerConfig; getModerationSettings; updateModerationSettings; previewModeration; createOverlayOutputKey; regenerateOverlayOutputKey; exportDiagnostics; exportDebugDiagnostics"
"interface","RuntimeContract","apps/web/src/management/management-api.ts","877","","","parse"
"interface","HttpManagementClientOptions","apps/web/src/management/management-http-client.ts","3","","","fetch"
"interface","ManagementSessionResponse","apps/web/src/management/management-http-client.ts","7","","","id; csrfToken"
"interface","ManagementRawRequestOptions","apps/web/src/management/management-http-client.ts","16","","","method; headers; body; fallbackMessage"
"interface","JsonRequestOptions","apps/web/src/management/management-http-client.ts","23","","","method; body; fallbackMessage"
"interface","ManagementHttpClient","apps/web/src/management/management-http-client.ts","29","","","request; getJson; postJson; postRequest; putJson; patchJson; deleteJson; deleteRequest"
"class","ManagementHttpError","apps/web/src/management/management-http-client.ts","40","Error","",""
"interface","ManagementAppProps","apps/web/src/management/ManagementApp.tsx","31","","","audioApi; assetApi; managementApi; screenEffectsApi; timersApi"
"interface","ResolvedManagementAppProps","apps/web/src/management/ManagementApp.tsx","39","","","audioApi; assetApi; managementApi; screenEffectsApi; timersApi"
"interface","MusicApi","apps/web/src/management/music/music-api.ts","18","","","getMusicConfig; saveMusicConfig; listMusicOutputs; beginMusicPairing; getMusicPairing; cancelMusicPairing; getMusicStatus; reconnectMusicSource; replaceMusicCredential"
"interface","Props","apps/web/src/management/music/MusicAppearanceEditor.tsx","11","","","selectedComponent; onSelectComponent; profile; view; onChange; onPickFont"
"interface","MusicDesktopPlacementProps","apps/web/src/management/music/MusicDesktopPlacement.tsx","12","","","config; snapshot; now; resolveAsset; onChange; surfaceApi"
"interface","MusicLayoutEditorProps","apps/web/src/management/music/MusicLayoutEditor.tsx","9","","","projection; resolveAsset; appearance; onChange; onSelectComponent"
"interface","DirtyNavigationSource","apps/web/src/management/navigation/dirty-navigation.tsx","18","","","id; summary; save; discard"
"interface","DirtyNavigationContextValue","apps/web/src/management/navigation/dirty-navigation.tsx","30","","","source; register; unregister"
"interface","DirtyNavigationRegistrationOptions","apps/web/src/management/navigation/dirty-navigation.tsx","49","DirtyNavigationSource","","dirty"
"interface","RouteNavigation","apps/web/src/management/navigation/dirty-navigation.tsx","74","","","route; mode"
"interface","ManagementNavigationProps","apps/web/src/management/navigation/ManagementNavigation.tsx","8","","","activeRoute; onNavigate"
"interface","EventSourcesPageProps","apps/web/src/management/providers/EventSourcesPage.tsx","4","","","initialProviderId; managementApi; openSetupOnLoad"
"interface","ProviderPageProps","apps/web/src/management/providers/ProviderPage.tsx","46","","","capability; initialProviderId; managementApi; openSetupOnLoad"
"interface","SetupDraft","apps/web/src/management/providers/ProviderPage.tsx","53","","","kind; name; protocol; host; port; endpoint; credential; allowUnauthenticatedLocalConnection"
"interface","TwitchAuthorizationViewState","apps/web/src/management/providers/ProviderPage.tsx","64","","","authorizationId; verificationUri; userCode; expiresAt; intervalSeconds"
"interface","TtsProvidersPageProps","apps/web/src/management/providers/TtsProvidersPage.tsx","4","","","initialProviderId; managementApi; openSetupOnLoad"
"interface","ManagementRoute","apps/web/src/management/routing/management-route.ts","17","","","id; alertId; effectId; ownerId; variantId; create; setId; eventType; targetProfileId; providerId; setup; diagnosticReferenceId; referenceId; fragment"
"interface","ManagementRouteDefinition","apps/web/src/management/routing/management-route.ts","34","ManagementRoute","","label; title; description; path; breadcrumbs; childRoutes"
"interface","EffectLiveTestResult","apps/web/src/management/screen-effects/screen-effects-api.ts","22","","","effectId; status; occurrenceId"
"interface","ScreenEffectBrowserSource","apps/web/src/management/screen-effects/screen-effects-api.ts","28","","","id; label; purpose; overlayId; scope; moduleId; targetProfileId; enabled; keyId; url; status"
"interface","ScreenEffectsApi","apps/web/src/management/screen-effects/screen-effects-api.ts","42","","","listSets; createSet; renameSet; activateSet; removeSet; list; listBrowserSources; getModuleEnabled; setModuleEnabled; createBrowserSource; regenerateBrowserSource; get; create; update; remove; test"
"interface","ScreenEffectEditorProps","apps/web/src/management/screen-effects/ScreenEffectEditor.tsx","44","","","api; assetApi; audioApi; managementApi; effectId; create; onBack; setId; initialVariantId; onOpenEffect; generateId"
"interface","EditorContext","apps/web/src/management/screen-effects/ScreenEffectEditor.tsx","62","","","assets; routeNames; twitch; rewards; streamerBot; failures"
"interface","EditorContextFailure","apps/web/src/management/screen-effects/ScreenEffectEditor.tsx","71","","","source; detail"
"interface","WeightSimulationRow","apps/web/src/management/screen-effects/ScreenEffectEditor.tsx","76","","","id; name; weight; expectedPercent; count; observedPercent"
"interface","ScreenEffectsPageProps","apps/web/src/management/screen-effects/ScreenEffectsPage.tsx","19","","","api; onEdit; initialSetId; generateId"
"interface","AutomationSettingsApi","apps/web/src/management/settings/automation-api.ts","10","","","listPairings; listGrants; approve; deny; revoke"
"interface","DesktopSettingsPanelProps","apps/web/src/management/settings/DesktopSettingsPanel.tsx","1","","","closeToTray; disabled; onChange"
"interface","SurfaceSettingsApi","apps/web/src/management/settings/overlay-surfaces-api.ts","3","","","load; save; retry"
"interface","OverlaySurfacesPanelHandle","apps/web/src/management/settings/OverlaySurfacesPanel.tsx","11","","","save; discard"
"interface","OverlaySurfacesPanelProps","apps/web/src/management/settings/OverlaySurfacesPanel.tsx","12","","","api; onDirtyChange; manageNavigation; onSummaryChange"
"interface","SettingsPanelProps","apps/web/src/management/settings/SettingsPanel.tsx","32","","","automationApi; audioApi; surfaceApi; managementApi"
"interface","TimerAutomationCredentialStatus","apps/web/src/management/timers/timers-api.ts","19","","","configured; createdAt; rotatedAt"
"interface","TimerAutomationCredentialIssue","apps/web/src/management/timers/timers-api.ts","24","TimerAutomationCredentialStatus","","token"
"interface","TimerBrowserSource","apps/web/src/management/timers/timers-api.ts","26","","","id; label; purpose; overlayId; scope; moduleId; targetProfileId; enabled; keyId; url; status; connectionState; lastConnectedAt"
"interface","TimersApi","apps/web/src/management/timers/timers-api.ts","42","","","list; listStates; listBrowserSources; createBrowserSource; regenerateBrowserSource; create; update; remove; command; adjust; getModuleConfig; setModuleEnabled; saveModuleConfig; getAutomationCredential; rotateAutomationCredential; revokeAutomationCredential"
"interface","MediaGainController","apps/web/src/media/media-gain-controller.ts","1","","","setGain; dispose"
"interface","MediaVolumeEnvelope","apps/web/src/media/use-media-volume-envelope.ts","7","","","volume; fadeInMs; fadeOutMs; playbackDurationMs; startsAtEpochMs; muted"
"interface","OperatorError","apps/web/src/operator/OperatorApp.tsx","21","","","message; referenceId"
"interface","ClearRequest","apps/web/src/operator/OperatorApp.tsx","26","","","moduleId; count"
"interface","OperatorAppProps","apps/web/src/operator/OperatorApp.tsx","31","","","api; timersApi"
"class","PlaybackOperationsConflictError","apps/web/src/operator/playback-api.ts","8","Error","",""
"interface","PlaybackApi","apps/web/src/operator/playback-api.ts","19","","","getSnapshot; pause; resume; mute; unmute; setDoNotDisturb; skip; remove; replay; clear; setModulePaused"
"interface","OperatorTimersApi","apps/web/src/operator/timers-api.ts","5","","","listStates; command; adjust"
"interface","LoadedFont","apps/web/src/overlay/components/alert-font.ts","2","","","family; face"
"interface","FontEntry","apps/web/src/overlay/components/alert-font.ts","3","","","promise; users"
"interface","AlertTextRasterBounds","apps/web/src/overlay/components/alert-text-renderer.ts","7","","","left; top; width; height; sampling"
"interface","AlertTextContentProps","apps/web/src/overlay/components/AlertTextContent.tsx","6","","","text; textStyle; boxStyle; width; height; scale; loadFont; onReady; onError"
"interface","MusicWidgetProps","apps/web/src/overlay/components/MusicWidget.tsx","7","","","projection; resolveAsset; nowEpochMs; reducedMotion"
"interface","OverlaySurfaceProps","apps/web/src/overlay/components/OverlaySurface.tsx","27","","","composition; preparingInstructionIds; muted; moduleMutes; resolveAssetUrl; resolveMusicAsset; onPlaybackEvent"
"interface","TimerStackProps","apps/web/src/overlay/components/TimerStack.tsx","5","","","stack; resolveAssetUrl; now"
"interface","ParsedOverlayRoute","apps/web/src/overlay/overlay-client.ts","14","","","overlayId; moduleId; purpose; scope; targetProfileId; rawKey; compositionPath; webSocketPath"
"interface","OverlayPlaybackReporter","apps/web/src/overlay/overlay-client.ts","25","","","reportReady; reportStarted; reportCompleted; reportFailed"
"interface","OverlaySocketLike","apps/web/src/overlay/overlay-client.ts","32","","","readyState; send"
"interface","OverlayClientOptions","apps/web/src/overlay/overlay-client.ts","63","","","route; fetcher; WebSocketCtor; onMessage"
"interface","OverlayClientConnection","apps/web/src/overlay/overlay-client.ts","70","","","reporter; close"
"interface","AudioRendererCallbacks","apps/desktop/src/audio/audio-host.ts","6","","","onReply; onDestroyed"
"interface","AudioRendererPort","apps/desktop/src/audio/audio-host.ts","7","","","load; send; destroy; issueMedia; revokeMediaOwner"
"class","AudioHost","apps/desktop/src/audio/audio-host.ts","11","","DesktopAudioTransport","#port; #generation; #ready; #pending; #prepared; #mediaOwners; #starts; #moduleMutes; #muted; #owned; #failures; #retryAt; #cooldown; #cancelCooldown; #leaseAt; #leaseTimer; beginOwnership; refreshLease; serviceLost; handle; listOutputDevices; prepare; #prepare; #start; play; stop; setModuleMutes; setMuted; retry; close; testOutput; #translate; #revoke; #startLease; #ensure; #request; #receive; #waitForRecovery; #discard"
"interface","AudioPlayerPermissionRequest","apps/desktop/src/audio/audio-player-policy.ts","4","","","permission; senderId; expectedSenderId; requestingOrigin; requestingUrl; isMainFrame"
"class","AudioWindow","apps/desktop/src/audio/audio-window.ts","45","","","window; #audioSession; #destroying; #reply; #media; load; send; issueMedia; revokeMediaOwner; destroy"
"interface","PlayerMediaElement","apps/desktop/src/audio/device-audio-player.ts","25","","","currentTime; readyState; seeking; error; volume; muted; setSinkId; play; pause; load; removeAttribute; remove; addEventListener; removeEventListener"
"interface","DeviceAudioPlayerDependencies","apps/desktop/src/audio/device-audio-player.ts","42","","","createElement; createSource; revokeSource; listOutputDevices; createAmplifier; now"
"interface","DeviceAudioPlayRequest","apps/desktop/src/audio/device-audio-player.ts","51","","","generation; batch; assets; deadlineMs; startDeadlineMs"
"interface","ElementAttempt","apps/desktop/src/audio/device-audio-player.ts","61","","","preparation; element; deviceId; routeIds; layerId; assetId; completion; startGuard; started; progress; preparationDurationMs; completionReason; completeConfigured; startsAtEpochMs; scheduledStartEpochMs; playbackTimer; updateEnvelope; terminal; startTimer; envelopeTimer; amplifier; gain; stage; finish"
"interface","PreparedStart","apps/desktop/src/audio/device-audio-player.ts","88","","","ready; start; release"
"interface","ActiveOccurrence","apps/desktop/src/audio/device-audio-player.ts","94","","","moduleId; key; generation; playbackId; documentId; sources; attempts; failedRouteIds; failures; deadlineTimer; cancelled"
"class","DeviceAudioPlayer","apps/desktop/src/audio/device-audio-player.ts","155","","","#dependencies; #now; #active; #prepared; #activeGeneration; #moduleMutes; #currentMuted; #devicePollTimer; #enumerationInFlight; #enumerationDeadlineMs; initialize; prepare; start; play; #play; setModuleMutes; #isMuted; setMuted; stop; close; #discardPrepared; reconcileDevices; #createAttempt; #startAttempt; #isCurrent; #recordFailure; #cancelOccurrence; #applyMute; #validateGeneration; #validateRequest; #updateDevicePolling; #hasLiveOccurrences; #listOutputDevicesBounded; #revokeSource"
"interface","Window","apps/desktop/src/audio/player.ts","7","","","streamJamsAudioHost; streamJamsAudioCapability"
"class","WorkerAudioClient","apps/desktop/src/audio/worker-audio-client.ts","5","","DesktopAudioTransport","#closed; #pending; #lease; receive; listOutputDevices; prepare; play; stop; setModuleMutes; setMuted; testOutput; retry; close; dispose; #ok; #request"
"interface","DesktopDiagnosticInput","apps/desktop/src/desktop-diagnostics.ts","24","","","referenceId; component; source; message; exception; reason; exitCode"
"interface","DesktopDiagnosticsOptions","apps/desktop/src/desktop-diagnostics.ts","34","","","send; writeFallback; generateReferenceId; now"
"class","DesktopDiagnostics","apps/desktop/src/desktop-diagnostics.ts","41","","","#send; #writeFallback; #generateReferenceId; #now; record; fallback; recordPriorCrashDumps"
"class","ManagementWindow","apps/desktop/src/management-window.ts","9","","","window; #guardReady; #responsive; #unavailableConfirmation; #pending; load; show; requestQuit; #confirmUnavailable; #showUnavailableConfirmation"
"interface","OverlayRendererCallbacks","apps/desktop/src/overlay/overlay-host.ts","8","","","onReply; onDestroyed; onUnavailable"
"interface","OverlayRendererPort","apps/desktop/src/overlay/overlay-host.ts","9","","","load; send; destroy; issueMedia; issueArtwork; revokeMediaOwner"
"class","OverlayHost","apps/desktop/src/overlay/overlay-host.ts","14","","DesktopOverlayTransport","#config; #port; #generation; #ready; #loaded; #negotiated; #cancelLoad; #owned; #failures; #retryAt; #cooldown; #cancelCooldown; #diagnostic; #leaseAt; #leaseTimer; #pending; #occurrences; #stops; #moduleOwners; #moduleSyncs; getStatus; beginOwnership; refreshLease; serviceLost; handle; configure; syncModule; prepare; #prepare; start; stop; retry; close; #startLease; #ensure; #request; #translate; #receive; #release; #expireOccurrence; #waitForRecovery; #discard; #recordDiagnostic"
"interface","OverlayWindowOptions","apps/desktop/src/overlay/overlay-window.ts","9","","","enabled; selectedId; preloadPath; onUnavailable"
"interface","OverlayWindowFailure","apps/desktop/src/overlay/overlay-window.ts","16","","","kind; reason; exitCode"
"class","OverlayWindow","apps/desktop/src/overlay/overlay-window.ts","23","","","window; #selectedId; #ready; #contentInterrupted; #loadGeneration; #recoveryTimer; #shown; #onUnavailable; #updateDisplay; create; load; destroy; ensureTopmost; #stopRecovery"
"class","PrivateOverlayWindow","apps/desktop/src/overlay/private-overlay-window.ts","15","","OverlayRendererPort","#session; #destroying; #reply; #download; #media; create; load; issueMedia; issueArtwork; revokeMediaOwner; send; destroy"
"class","WorkerOverlayClient","apps/desktop/src/overlay/worker-overlay-client.ts","12","","DesktopOverlayTransport","#closed; #pending; #occurrences; #stops; #lease; receive; configure; syncModule; getStatus; prepare; start; stop; retry; close; dispose; #forget; #ok; #request"
"interface","PrivateMediaProtocolOptions","apps/desktop/src/private-media-protocol.ts","13","","","scheme; host; trustedServiceOrigin; generation; recipientId; fetch; headerTimeoutMs"
"class","PrivateMediaProtocol","apps/desktop/src/private-media-protocol.ts","24","","","#entries; #artwork; #activeStreams; #destroyed; #origin; #fetch; issue; issueArtwork; url; revoke; revokeOwner; destroy; #revokeArtwork; diagnostics; handle"
"interface","SupervisedOverlayHost","apps/desktop/src/service-supervisor.ts","6","","","beginOwnership; refreshLease; serviceLost; handle"
"interface","SupervisedAudioHost","apps/desktop/src/service-supervisor.ts","13","","","beginOwnership; refreshLease; serviceLost; handle"
"interface","ServiceWorker","apps/desktop/src/service-supervisor.ts","20","","","postMessage; kill; on; on"
"interface","ServiceSnapshot","apps/desktop/src/service-supervisor.ts","26","","","url; closeToTray; muted"
"class","ServiceSupervisor","apps/desktop/src/service-supervisor.ts","30","","","state; snapshot; error; #worker; #generation; #startPromise; #startResolve; #startReject; #startId; #startTimer; #stopPromise; #stopResolve; #stopReject; #stopTimer; #stopError; #commands; #diagnostics; start; setMuted; stop; #send; recordDiagnostic; #receive; #finishCommand; #fail; #exited; #record; #finishDiagnostic"
"class","ShutdownLog","apps/desktop/src/shutdown-log.ts","17","","","#stream; #closed; #bytes; #sequence; #attempt; #launchId; #started; record; recordFailure; #write; close"
"interface","TrayActions","apps/desktop/src/tray.ts","6","","","open; mute; quit"
